--- 10. Crearea unei secvențe ce va fi utilizată în inserarea înregistrărilor în tabele (punctul 11)

CREATE SEQUENCE ASOCIATIE_SEQ START WITH 1;
CREATE SEQUENCE NATIONALA_SEQ START WITH 1;
CREATE SEQUENCE STADION_SEQ START WITH 1;
CREATE SEQUENCE MECI_SEQ START WITH 1;
CREATE SEQUENCE JUCATOR_SEQ START WITH 1;
CREATE SEQUENCE ANTRENOR_SEQ START WITH 1;
CREATE SEQUENCE SPONSOR_SEQ START WITH 1;


--- 11. Crearea tabelelor în SQL și inserarea de date coerente în fiecare dintre acestea (minimum 5 înregistrări în fiecare tabel neasociativ; 
--- minimum 10 înregistrări în tabelele asociativeș maxim 30 de înregistrări în fiecare tabel).

--- Crearea tabelului:

CREATE TABLE TARA (
    ID_TARA         VARCHAR(3) 
        CONSTRAINT CK_ID_TARA CHECK (LENGTH(ID_TARA) = 3)
        NOT NULL,                            -- sa aiba exact 3 cifre
    
    NUME            VARCHAR(30) NOT NULL,    
    COD_ISO         VARCHAR(3)
        CONSTRAINT CK_COD_ISO CHECK (LENGTH(COD_ISO) = 3)
        NOT NULL,
        
    CONSTRAINT PK_TARA PRIMARY KEY (ID_TARA)
);

--- Insearea datelor:

INSERT INTO TARA (ID_TARA, NUME, COD_ISO)
VALUES ('826', 'Anglia', 'ENG');

INSERT INTO TARA (ID_TARA, NUME, COD_ISO)
VALUES ('250', 'Franța', 'FRA'); 

INSERT INTO TARA (ID_TARA, NUME, COD_ISO)
VALUES ('276', 'Germania', 'DEU');

INSERT INTO TARA (ID_TARA, NUME, COD_ISO)
VALUES ('380', 'Italia', 'ITA');

INSERT INTO TARA (ID_TARA, NUME, COD_ISO)
VALUES ('528', 'Olanda', 'NDL');

INSERT INTO TARA (ID_TARA, NUME, COD_ISO)
VALUES ('620', 'Portugalia', 'PRT'); 

INSERT INTO TARA (ID_TARA, NUME, COD_ISO)
VALUES ('642', 'România', 'ROU'); 

INSERT INTO TARA (ID_TARA, NUME, COD_ISO)
VALUES ('724', 'Spania', 'ESP'); 

INSERT INTO TARA (ID_TARA, NUME, COD_ISO)
VALUES ('792', 'Turcia', 'TUR'); 


SELECT * 
FROM TARA;


--- Crearea tabelului:

CREATE TABLE ASOCIATIE (
    ID_ASOCIATIE    NUMBER(2) DEFAULT ASOCIATIE_SEQ.NEXTVAL,
    NUME            VARCHAR(50) NOT NULL,
    SEDIU           VARCHAR(30) NOT NULL,
                
    CONSTRAINT PK_ASOCIATIE PRIMARY KEY (ID_ASOCIATIE)
);

--- Inserarea datelor:

INSERT INTO ASOCIATIE (NUME, SEDIU)
VALUES ('Federația Engleză de Fotbal', 'Londra');

INSERT INTO ASOCIATIE (NUME, SEDIU)
VALUES ('Federația Franceză de Fotbal', 'Paris');

INSERT INTO ASOCIATIE (NUME, SEDIU)
VALUES ('Federația Germană de Fotbal', 'Frankfurt pe Main');

INSERT INTO ASOCIATIE (NUME, SEDIU)
VALUES ('Federația Italiană de Fotbal', 'Roma');

INSERT INTO ASOCIATIE (NUME, SEDIU)
VALUES ('Asociația Regală de Fotbal a Tărilor de Jos', 'Zeist');

INSERT INTO ASOCIATIE (NUME, SEDIU)
VALUES ('Federația Portugheză de Fotbal', 'Oeiras');

INSERT INTO ASOCIATIE (NUME, SEDIU)
VALUES ('Federația Română de Fotbal', 'București');

INSERT INTO ASOCIATIE (NUME, SEDIU)
VALUES ('Federația Regală Spaniolă de Fotbal', 'Las Rozas de Madrid');

INSERT INTO ASOCIATIE (NUME, SEDIU)
VALUES ('Federația Turcă de Fotbal', 'Istanbul');


SELECT *
FROM ASOCIATIE;


--- Crearea tabelului:

CREATE TABLE CAMPIONAT_EUROPEAN (
    ID_EDITIE_EURO          NUMBER(2),
    NUME_COMPETITIE         VARCHAR(30) NOT NULL,
    TARA_GAZDA              VARCHAR(30) NOT NULL,
    DATA_INCEPUT            DATE NOT NULL,
    DATA_SFARSIT            DATE NOT NULL,
    
    CONSTRAINT CK_DATE_EURO CHECK (DATA_SFARSIT > DATA_INCEPUT),
    
    CONSTRAINT PK_EURO PRIMARY KEY (ID_EDITIE_EURO)
);

--- Inserarea datelor:

INSERT INTO CAMPIONAT_EUROPEAN (ID_EDITIE_EURO, NUME_COMPETITIE, TARA_GAZDA, DATA_INCEPUT, DATA_SFARSIT)
VALUES(16, 'UEFA Euro 2016', 'Franța', TO_DATE('10-06-2016', 'DD-MM-YYYY'), TO_DATE('10-07-2016', 'DD-MM-YYYY'));


SELECT *
FROM CAMPIONAT_EUROPEAN;


--- Crearea tabelului:

CREATE TABLE NATIONALA (
    ID_NATIONALA             NUMBER(2) DEFAULT NATIONALA_SEQ.NEXTVAL,
    ID_EDITIE_EURO           NUMBER(2),
    ID_TARA                  VARCHAR(3),                    
    NUME                     VARCHAR(50),
    SELECTIONER              VARCHAR(30) NOT NULL UNIQUE,
    APARITII_ANTERIOARE      NUMBER(3),
    
    CONSTRAINT FK_NATIONALA_EURO FOREIGN KEY (ID_EDITIE_EURO)
        REFERENCES CAMPIONAT_EUROPEAN(ID_EDITIE_EURO),
        
    CONSTRAINT FK_NATIONALA_TARA FOREIGN KEY (ID_TARA)
        REFERENCES TARA(ID_TARA)
        ON DELETE CASCADE,
        
    CONSTRAINT UQ_TARA_EURO UNIQUE (ID_TARA, ID_EDITIE_EURO),
  
    CONSTRAINT PK_NATIONALA PRIMARY KEY (ID_NATIONALA)  
);

--- Inserarea datelor:

INSERT INTO NATIONALA (ID_EDITIE_EURO, ID_TARA, NUME, SELECTIONER, APARITII_ANTERIOARE)
VALUES (16, '826', 'Echipa Națională de Fotbal a Angliei', 'Roy Hodgson', 8);

INSERT INTO NATIONALA (ID_EDITIE_EURO, ID_TARA, NUME, SELECTIONER, APARITII_ANTERIOARE)
VALUES (16, '250', 'Echipa Națională de Fotbal a Franței', 'Didier Deschamps', 8);

INSERT INTO NATIONALA (ID_EDITIE_EURO, ID_TARA, NUME, SELECTIONER, APARITII_ANTERIOARE)
VALUES (16, '276', 'Echipa Națională de Fotbal a Germaniei', 'Joachim Löw', 11);

INSERT INTO NATIONALA (ID_EDITIE_EURO, ID_TARA, NUME, SELECTIONER, APARITII_ANTERIOARE)
VALUES (16, '380', 'Echipa Națională de Fotbal a Italiei', 'Antonio Conte', 8);

INSERT INTO NATIONALA (ID_EDITIE_EURO, ID_TARA, NUME, SELECTIONER, APARITII_ANTERIOARE)
VALUES (NULL, '528', 'Echipa Națională de Fotbal a Țărilor de Jos', 'Danny Blind', 9);

INSERT INTO NATIONALA (ID_EDITIE_EURO, ID_TARA, NUME, SELECTIONER, APARITII_ANTERIOARE)
VALUES (16, '620', 'Echipa Națională de Fotbal a Portugaliei', 'Fernando Santos', 6);

INSERT INTO NATIONALA (ID_EDITIE_EURO, ID_TARA, NUME, SELECTIONER, APARITII_ANTERIOARE)
VALUES (16, '642', 'Echipa Națională de Fotbal a României', 'Anghel Iordănescu', 4);

INSERT INTO NATIONALA (ID_EDITIE_EURO, ID_TARA, NUME, SELECTIONER, APARITII_ANTERIOARE)
VALUES (16, '724', 'Echipa Națională de Fotbal a Spaniei', 'Vicente del Bosque', 9);

INSERT INTO NATIONALA (ID_EDITIE_EURO, ID_TARA, NUME, SELECTIONER, APARITII_ANTERIOARE)
VALUES (16, '792', 'Echipa Națională de Fotbal a Turciei', 'Fatih Terim', 3);


SELECT *
FROM NATIONALA;


--- Crearea tabelului:

CREATE TABLE CAMPIONAT_INTERN (
    ID_CAMPIONAT            NUMBER(3),
    ID_ASOCIATIE            NUMBER(2) UNIQUE,
    NUME                    VARCHAR(40) NOT NULL,
    DATA_INCEPUT            DATE NOT NULL,
    DATA_SFARSIT            DATE NOT NULL,
    ID_TARA                 VARCHAR(3) UNIQUE,
    
    CONSTRAINT FK_INTERN_ASO FOREIGN KEY (ID_ASOCIATIE)
        REFERENCES ASOCIATIE(ID_ASOCIATIE)
        ON DELETE SET NULL,
    
    CONSTRAINT FK_INTERN_TARA FOREIGN KEY (ID_TARA)
        REFERENCES TARA(ID_TARA)
        ON DELETE SET NULL,
        
    CONSTRAINT CK_DATE_INTERN CHECK (DATA_SFARSIT > DATA_INCEPUT),

    CONSTRAINT PK_INTERN PRIMARY KEY (ID_CAMPIONAT)
);

--- Inserarea datelor:

INSERT INTO CAMPIONAT_INTERN (ID_CAMPIONAT, ID_ASOCIATIE, NUME, DATA_INCEPUT, DATA_SFARSIT, ID_TARA)
VALUES (12, 1, 'Premier League', TO_DATE('08-08-2015', 'DD-MM-YYYY'), TO_DATE('17-05-2016', 'DD-MM-YYYY'), 826);

INSERT INTO CAMPIONAT_INTERN (ID_CAMPIONAT, ID_ASOCIATIE, NUME, DATA_INCEPUT, DATA_SFARSIT, ID_TARA)
VALUES (34, 2, 'Ligue 1', TO_DATE('07-08-2015', 'DD-MM-YYYY'), TO_DATE('14-05-2016', 'DD-MM-YYYY'), 250);

INSERT INTO CAMPIONAT_INTERN (ID_CAMPIONAT, ID_ASOCIATIE, NUME, DATA_INCEPUT, DATA_SFARSIT, ID_TARA)
VALUES (261, 3, 'Bundesliga', TO_DATE('14-08-2015', 'DD-MM-YYYY'), TO_DATE('14-05-2016', 'DD-MM-YYYY'), 276);

INSERT INTO CAMPIONAT_INTERN (ID_CAMPIONAT, ID_ASOCIATIE, NUME, DATA_INCEPUT, DATA_SFARSIT, ID_TARA)
VALUES (324, 4, 'Serie A', TO_DATE('22-08-2015', 'DD-MM-YYYY'), TO_DATE('15-05-2016', 'DD-MM-YYYY'), 380);

INSERT INTO CAMPIONAT_INTERN (ID_CAMPIONAT, ID_ASOCIATIE, NUME, DATA_INCEPUT, DATA_SFARSIT, ID_TARA)
VALUES (307, 5, 'Eredivisie', TO_DATE('07-08-2015', 'DD-MM-YYYY'), TO_DATE('08-05-2016', 'DD-MM-YYYY'), 528);

INSERT INTO CAMPIONAT_INTERN (ID_CAMPIONAT, ID_ASOCIATIE, NUME, DATA_INCEPUT, DATA_SFARSIT, ID_TARA)
VALUES (17, 6, 'Primeira Liga', TO_DATE('14-08-2015', 'DD-MM-YYYY'), TO_DATE('15-05-2016', 'DD-MM-YYYY'), 620);

INSERT INTO CAMPIONAT_INTERN (ID_CAMPIONAT, ID_ASOCIATIE, NUME, DATA_INCEPUT, DATA_SFARSIT, ID_TARA)
VALUES (127, 7, 'SuperLiga României', TO_DATE('10-07-2015', 'DD-MM-YYYY'), TO_DATE('29-05-2016', 'DD-MM-YYYY'), 642);

INSERT INTO CAMPIONAT_INTERN (ID_CAMPIONAT, ID_ASOCIATIE, NUME, DATA_INCEPUT, DATA_SFARSIT, ID_TARA)
VALUES (167, 8, 'La Liga', TO_DATE('21-08-2015', 'DD-MM-YYYY'), TO_DATE('15-05-2016', 'DD-MM-YYYY'), 724);

INSERT INTO CAMPIONAT_INTERN (ID_CAMPIONAT, ID_ASOCIATIE, NUME, DATA_INCEPUT, DATA_SFARSIT, ID_TARA)
VALUES (234, 9, 'Süper Lig', TO_DATE('14-08-2015', 'DD-MM-YYYY'), TO_DATE('19-05-2016', 'DD-MM-YYYY'), 792);


SELECT *
FROM CAMPIONAT_INTERN;
 
 
--- Crearea tabelului:
 
CREATE TABLE COMPETITIE_EURO_CLUB (
    ID_COMPETITIE       NUMBER(2),
    NUME_COMPETITIE     VARCHAR(30) NOT NULL,
    NUMAR_ECHIPE        NUMBER(2)
        CONSTRAINT CK_NR_ECHIPE_EU CHECK (NUMAR_ECHIPE BETWEEN 10 AND 99)
        NOT NULL,
        
    DATA_INCEPUT        DATE NOT NULL,
    DATA_SFARSIT        DATE NOT NULL,
    
    CONSTRAINT CK_DATE_CLUB CHECK (DATA_SFARSIT > DATA_INCEPUT),

    CONSTRAINT PK_CLUB_EU PRIMARY KEY (ID_COMPETITIE)
);

--- Inserarea datelor:

INSERT INTO COMPETITIE_EURO_CLUB (ID_COMPETITIE, NUME_COMPETITIE, NUMAR_ECHIPE, DATA_INCEPUT, DATA_SFARSIT)
VALUES (1, 'UEFA Champions League 2015/16', 32, TO_DATE('15-09-2015', 'DD-MM-YYYY'), TO_DATE('28-05-2016', 'DD-MM-YYYY'));

INSERT INTO COMPETITIE_EURO_CLUB (ID_COMPETITIE, NUME_COMPETITIE, NUMAR_ECHIPE, DATA_INCEPUT, DATA_SFARSIT)
VALUES (2, 'UEFA Europa League 2015/16', 48, TO_DATE('17-09-2015', 'DD-MM-YYYY'), TO_DATE('18-05-2016', 'DD-MM-YYYY'));


SELECT *
FROM COMPETITIE_EURO_CLUB;


--- Crearea tabelelor:

CREATE TABLE ETAPA_CAMPIONAT (
    ID_CAMPIONAT            NUMBER(3),
    NUMAR_ETAPA             NUMBER(2),
    DATA_INCEPUT            DATE NOT NULL,
    DATA_SFARSIT            DATE NOT NULL,
    
    CONSTRAINT FK_ETAPA_CAMP FOREIGN KEY (ID_CAMPIONAT)
        REFERENCES CAMPIONAT_INTERN(ID_CAMPIONAT)
        ON DELETE CASCADE,
        
    CONSTRAINT CK_DATE_ETAPA CHECK (DATA_SFARSIT > DATA_INCEPUT),
    
    CONSTRAINT PK_ETAPA PRIMARY KEY (ID_CAMPIONAT, NUMAR_ETAPA)
);

--- Inserarea datelor:

INSERT INTO ETAPA_CAMPIONAT (ID_CAMPIONAT, NUMAR_ETAPA, DATA_INCEPUT, DATA_SFARSIT)
VALUES (12, 1, TO_DATE('08-08-2015', 'DD-MM-YYYY'), TO_DATE('10-08-2015', 'DD-MM-YYYY'));

INSERT INTO ETAPA_CAMPIONAT (ID_CAMPIONAT, NUMAR_ETAPA, DATA_INCEPUT, DATA_SFARSIT)
VALUES (12, 2, TO_DATE('14-08-2015', 'DD-MM-YYYY'), TO_DATE('17-08-2015', 'DD-MM-YYYY'));

INSERT INTO ETAPA_CAMPIONAT (ID_CAMPIONAT, NUMAR_ETAPA, DATA_INCEPUT, DATA_SFARSIT)
VALUES (34, 1, TO_DATE('07-08-2015', 'DD-MM-YYYY'), TO_DATE('09-08-2015', 'DD-MM-YYYY'));

INSERT INTO ETAPA_CAMPIONAT (ID_CAMPIONAT, NUMAR_ETAPA, DATA_INCEPUT, DATA_SFARSIT)
VALUES (261, 1, TO_DATE('14-08-2015', 'DD-MM-YYYY'), TO_DATE('16-08-2015', 'DD-MM-YYYY'));

INSERT INTO ETAPA_CAMPIONAT (ID_CAMPIONAT, NUMAR_ETAPA, DATA_INCEPUT, DATA_SFARSIT)
VALUES (324, 1, TO_DATE('22-08-2015', 'DD-MM-YYYY'), TO_DATE('23-08-2015', 'DD-MM-YYYY'));

INSERT INTO ETAPA_CAMPIONAT (ID_CAMPIONAT, NUMAR_ETAPA, DATA_INCEPUT, DATA_SFARSIT)
VALUES (324, 2, TO_DATE('29-08-2015', 'DD-MM-YYYY'), TO_DATE('30-08-2015', 'DD-MM-YYYY'));

INSERT INTO ETAPA_CAMPIONAT (ID_CAMPIONAT, NUMAR_ETAPA, DATA_INCEPUT, DATA_SFARSIT)
VALUES (307, 3, TO_DATE('24-09-2015', 'DD-MM-YYYY'), TO_DATE('30-09-2015', 'DD-MM-YYYY'));

INSERT INTO ETAPA_CAMPIONAT (ID_CAMPIONAT, NUMAR_ETAPA, DATA_INCEPUT, DATA_SFARSIT)
VALUES (17, 1, TO_DATE('14-08-2015', 'DD-MM-YYYY'), TO_DATE('17-08-2015', 'DD-MM-YYYY'));

INSERT INTO ETAPA_CAMPIONAT (ID_CAMPIONAT, NUMAR_ETAPA, DATA_INCEPUT, DATA_SFARSIT)
VALUES (127, 1, TO_DATE('10-07-2015', 'DD-MM-YYYY'), TO_DATE('13-07-2015', 'DD-MM-YYYY'));

INSERT INTO ETAPA_CAMPIONAT (ID_CAMPIONAT, NUMAR_ETAPA, DATA_INCEPUT, DATA_SFARSIT)
VALUES (167, 1, TO_DATE('21-08-2015', 'DD-MM-YYYY'), TO_DATE('24-08-2015', 'DD-MM-YYYY'));

INSERT INTO ETAPA_CAMPIONAT (ID_CAMPIONAT, NUMAR_ETAPA, DATA_INCEPUT, DATA_SFARSIT)
VALUES (167, 2, TO_DATE('28-08-2015', 'DD-MM-YYYY'), TO_DATE('30-08-2015', 'DD-MM-YYYY'));

INSERT INTO ETAPA_CAMPIONAT (ID_CAMPIONAT, NUMAR_ETAPA, DATA_INCEPUT, DATA_SFARSIT)
VALUES (234, 2, TO_DATE('21-08-2015', 'DD-MM-YYYY'), TO_DATE('24-08-2015', 'DD-MM-YYYY'));


SELECT *
FROM ETAPA_CAMPIONAT;


--- Crearea tabelului:

CREATE TABLE FAZA_COMPETITIE (
    ID_FAZA_COMPETITIE      NUMBER(2),
    ID_COMPETITIE           NUMBER(2) NOT NULL,
    NUME_FAZA               VARCHAR(20) NOT NULL,
    DATA_INCEPUT            DATE NOT NULL,
    DATA_SFARSIT            DATE NOT NULL,
    
    CONSTRAINT FK_FAZA_COMP FOREIGN KEY (ID_COMPETITIE)
        REFERENCES COMPETITIE_EURO_CLUB(ID_COMPETITIE)
        ON DELETE CASCADE,
        
    CONSTRAINT CK_DATE_FAZA CHECK (DATA_SFARSIT > DATA_INCEPUT),
        
    CONSTRAINT PK_FAZA PRIMARY KEY (ID_COMPETITIE, ID_FAZA_COMPETITIE)
);

--- Inserarea datelor:

INSERT INTO FAZA_COMPETITIE (ID_FAZA_COMPETITIE, ID_COMPETITIE, NUME_FAZA, DATA_INCEPUT, DATA_SFARSIT)
VALUES (1, 1, 'Grupe', TO_DATE('15-09-2015', 'DD-MM-YYYY'), TO_DATE('09-12-2015', 'DD-MM-YYYY'));

INSERT INTO FAZA_COMPETITIE (ID_FAZA_COMPETITIE, ID_COMPETITIE, NUME_FAZA, DATA_INCEPUT, DATA_SFARSIT)
VALUES (2, 1, 'Optimi', TO_DATE('16-02-2016', 'DD-MM-YYYY'), TO_DATE('16-03-2016', 'DD-MM-YYYY'));

INSERT INTO FAZA_COMPETITIE (ID_FAZA_COMPETITIE, ID_COMPETITIE, NUME_FAZA, DATA_INCEPUT, DATA_SFARSIT)
VALUES (3, 1, 'Sferturi', TO_DATE('05-04-2016', 'DD-MM-YYYY'), TO_DATE('13-04-2016', 'DD-MM-YYYY'));

INSERT INTO FAZA_COMPETITIE (ID_FAZA_COMPETITIE, ID_COMPETITIE, NUME_FAZA, DATA_INCEPUT, DATA_SFARSIT)
VALUES (4, 1, 'Semifinale', TO_DATE('26-04-2016', 'DD-MM-YYYY'), TO_DATE('04-05-2016', 'DD-MM-YYYY'));

INSERT INTO FAZA_COMPETITIE (ID_FAZA_COMPETITIE, ID_COMPETITIE, NUME_FAZA, DATA_INCEPUT, DATA_SFARSIT)
VALUES (5, 1, 'Finală', TO_DATE('28-05-2016', 'DD-MM-YYYY'), TO_DATE('29-05-2016', 'DD-MM-YYYY'));

INSERT INTO FAZA_COMPETITIE (ID_FAZA_COMPETITIE, ID_COMPETITIE, NUME_FAZA, DATA_INCEPUT, DATA_SFARSIT)
VALUES (1, 2, 'Grupe', TO_DATE('17-09-2015', 'DD-MM-YYYY'), TO_DATE('10-12-2015', 'DD-MM-YYYY'));

INSERT INTO FAZA_COMPETITIE (ID_FAZA_COMPETITIE, ID_COMPETITIE, NUME_FAZA, DATA_INCEPUT, DATA_SFARSIT)
VALUES (2, 2, 'Optimi', TO_DATE('10-03-2016', 'DD-MM-YYYY'), TO_DATE('17-03-2016', 'DD-MM-YYYY'));

INSERT INTO FAZA_COMPETITIE (ID_FAZA_COMPETITIE, ID_COMPETITIE, NUME_FAZA, DATA_INCEPUT, DATA_SFARSIT)
VALUES (3, 2, 'Sferturi', TO_DATE('07-04-2016', 'DD-MM-YYYY'), TO_DATE('14-04-2016', 'DD-MM-YYYY'));

INSERT INTO FAZA_COMPETITIE (ID_FAZA_COMPETITIE, ID_COMPETITIE, NUME_FAZA, DATA_INCEPUT, DATA_SFARSIT)
VALUES (4, 2, 'Semifinale', TO_DATE('28-04-2016', 'DD-MM-YYYY'), TO_DATE('05-05-2016', 'DD-MM-YYYY'));

INSERT INTO FAZA_COMPETITIE (ID_FAZA_COMPETITIE, ID_COMPETITIE, NUME_FAZA, DATA_INCEPUT, DATA_SFARSIT)
VALUES (5, 2, 'Finală', TO_DATE('18-05-2016', 'DD-MM-YYYY'), TO_DATE('19-05-2016', 'DD-MM-YYYY'));


SELECT *
FROM FAZA_COMPETITIE;


--- Crearea tabelului:

CREATE TABLE STADION (
    ID_STADION        NUMBER(3) DEFAULT STADION_SEQ.NEXTVAL,
    NUME              VARCHAR(35) NOT NULL,
    ORAS              VARCHAR(25) NOT NULL,
    
    CAPACITATE        NUMBER(6)
        CONSTRAINT CK_S_CAPACITATE CHECK (CAPACITATE BETWEEN 10000 and 999999)
        NOT NULL,
        
    CONSTRAINT PK_STADION PRIMARY KEY (ID_STADION)
);

--- Inserarea datelor:

INSERT INTO STADION(NUME, ORAS, CAPACITATE)
VALUES ('Santiago Bernabéu', 'Madrid', 85000);

INSERT INTO STADION(NUME, ORAS, CAPACITATE)
VALUES ('Vicente Calderón', 'Madrid', 54900);

INSERT INTO STADION(NUME, ORAS, CAPACITATE)
VALUES ('Camp Nou', 'Barcelona', 99350);

INSERT INTO STADION(NUME, ORAS, CAPACITATE)
VALUES ('Ramón Sánchez Pizjuán', 'Sevilla', 42710);

INSERT INTO STADION(NUME, ORAS, CAPACITATE)
VALUES ('Juventus Stadium', 'Torino', 41500);

INSERT INTO STADION(NUME, ORAS, CAPACITATE)
VALUES ('Stadio Olimpico', 'Roma', 72690);

INSERT INTO STADION(NUME, ORAS, CAPACITATE)
VALUES ('Giuseppe Meazza (San Siro)', 'Milano', 75810);

INSERT INTO STADION(NUME, ORAS, CAPACITATE)
VALUES ('Anfield', 'Liverpool', 61200);

INSERT INTO STADION(NUME, ORAS, CAPACITATE)
VALUES ('Old Trafford', 'Manchester', 74190);

INSERT INTO STADION(NUME, ORAS, CAPACITATE)
VALUES ('Etihad Stadium', 'Manchester', 53400); 

INSERT INTO STADION(NUME, ORAS, CAPACITATE)
VALUES ('Stamford Bridge', 'Fulham', 40300);

INSERT INTO STADION(NUME, ORAS, CAPACITATE)
VALUES ('Emirates Stadium', 'Londra', 60700);

INSERT INTO STADION(NUME, ORAS, CAPACITATE)
VALUES ('Parc des Princes', 'Paris', 48580);

INSERT INTO STADION(NUME, ORAS, CAPACITATE)
VALUES ('Parc Olympique Lyonnais', 'Lyon', 59100);

INSERT INTO STADION(NUME, ORAS, CAPACITATE)
VALUES ('Allianz Arena', 'München', 75000);

INSERT INTO STADION(NUME, ORAS, CAPACITATE)
VALUES ('BayArena', 'Leverkusen', 30200);

INSERT INTO STADION(NUME, ORAS, CAPACITATE)
VALUES ('Veltins-Arena', 'Gelsenkirchen', 62200);

INSERT INTO STADION(NUME, ORAS, CAPACITATE)
VALUES ('Estádio da Luz', 'Lisabona', 65590);

INSERT INTO STADION(NUME, ORAS, CAPACITATE)
VALUES ('Estádio do Dragão', 'Porto', 50000);

INSERT INTO STADION(NUME, ORAS, CAPACITATE)
VALUES ('Estádio municipal de Braga', 'Braga', 30280);

INSERT INTO STADION(NUME, ORAS, CAPACITATE)
VALUES ('Arena Națională', 'București', 55600);

INSERT INTO STADION(NUME, ORAS, CAPACITATE)
VALUES ('Philips Stadion', 'Eindhoven', 35000);

INSERT INTO STADION(NUME, ORAS, CAPACITATE)
VALUES ('Johan Cruyff Arena', 'Amsterdam', 56000);

INSERT INTO STADION(NUME, ORAS, CAPACITATE)
VALUES ('Şükrü Saracoğlu Stadium', 'Kadıköy', 50530);

INSERT INTO STADION(NUME, ORAS, CAPACITATE)
VALUES ('Türk Telekom Arena', 'Istanbul', 52600);

SELECT *
FROM STADION;


--- Crearea tabelului:

CREATE TABLE ECHIPA (
    ID_ECHIPA                 VARCHAR(3)
        CONSTRAINT CK_ID_ECHIPA CHECK (LENGTH(ID_ECHIPA) = 3),
    
    ID_CAMPIONAT              NUMBER(3) NOT NULL,
    ID_COMPETITIE             NUMBER(2),
    ID_STADION                NUMBER(3) NOT NULL,
    TIP_STADION               VARCHAR(20) NOT NULL,
    NUME                      VARCHAR(30) NOT NULL,
    
    CONSTRAINT FK_EC_INTERN FOREIGN KEY (ID_CAMPIONAT)
        REFERENCES CAMPIONAT_INTERN(ID_CAMPIONAT)
        ON DELETE CASCADE,
        
    CONSTRAINT FK_EC_EURO FOREIGN KEY (ID_COMPETITIE)
        REFERENCES COMPETITIE_EURO_CLUB(ID_COMPETITIE)
        ON DELETE SET NULL,
        
    CONSTRAINT FK_EC_STADION FOREIGN KEY (ID_STADION)
        REFERENCES STADION(ID_STADION),
        
    CONSTRAINT CK_TIP_STADION CHECK (TIP_STADION IN ('PROPRIU', 'INCHIRIAT')),
        
    CONSTRAINT PK_ECHIPA PRIMARY KEY (ID_ECHIPA)
);

--- Inserarea datelor:

INSERT INTO ECHIPA(ID_ECHIPA, ID_CAMPIONAT, ID_COMPETITIE, ID_STADION, TIP_STADION, NUME)
VALUES ('RMA', 167, 1, 1, 'PROPRIU', 'Real Madrid');

INSERT INTO ECHIPA(ID_ECHIPA, ID_CAMPIONAT, ID_COMPETITIE, ID_STADION, TIP_STADION, NUME)
VALUES ('ATM', 167, 1, 2, 'PROPRIU', 'Atlético Madrid');

INSERT INTO ECHIPA(ID_ECHIPA, ID_CAMPIONAT, ID_COMPETITIE, ID_STADION, TIP_STADION, NUME)
VALUES ('BAR', 167, 1, 3, 'PROPRIU', 'FC Barcelona');

INSERT INTO ECHIPA(ID_ECHIPA, ID_CAMPIONAT, ID_COMPETITIE, ID_STADION, TIP_STADION, NUME)
VALUES ('SEV', 167, 2, 4, 'PROPRIU', 'Sevilla FC');

INSERT INTO ECHIPA(ID_ECHIPA, ID_CAMPIONAT, ID_COMPETITIE, ID_STADION, TIP_STADION, NUME)
VALUES ('JUV', 324, 1, 5, 'PROPRIU', 'Juventus FC');

INSERT INTO ECHIPA(ID_ECHIPA, ID_CAMPIONAT, ID_COMPETITIE, ID_STADION, TIP_STADION, NUME)
VALUES ('ROM', 324, 1, 6, 'PROPRIU', 'AS Roma');

INSERT INTO ECHIPA(ID_ECHIPA, ID_CAMPIONAT, ID_COMPETITIE, ID_STADION, TIP_STADION, NUME)
VALUES ('INT', 324, NULL, 7, 'INCHIRIAT', 'FC Internazionale Milano');

INSERT INTO ECHIPA(ID_ECHIPA, ID_CAMPIONAT, ID_COMPETITIE, ID_STADION, TIP_STADION, NUME)
VALUES ('ACM', 324, NULL, 7, 'PROPRIU', 'AC Milan');

INSERT INTO ECHIPA(ID_ECHIPA, ID_CAMPIONAT, ID_COMPETITIE, ID_STADION, TIP_STADION, NUME)
VALUES ('LIV', 12, 2, 8, 'PROPRIU', 'Liverpool FC');

INSERT INTO ECHIPA(ID_ECHIPA, ID_CAMPIONAT, ID_COMPETITIE, ID_STADION, TIP_STADION, NUME)
VALUES ('MUN', 12, 1, 9, 'PROPRIU', 'Manchester United');

INSERT INTO ECHIPA(ID_ECHIPA, ID_CAMPIONAT, ID_COMPETITIE, ID_STADION, TIP_STADION, NUME)
VALUES ('MCI', 12, 1, 10, 'PROPRIU', 'Manchester City');

INSERT INTO ECHIPA(ID_ECHIPA, ID_CAMPIONAT, ID_COMPETITIE, ID_STADION, TIP_STADION, NUME)
VALUES ('CHE', 12, 1, 11, 'PROPRIU', 'Chelsea FC');

INSERT INTO ECHIPA(ID_ECHIPA, ID_CAMPIONAT, ID_COMPETITIE, ID_STADION, TIP_STADION, NUME)
VALUES ('ARS', 12, 1, 12, 'PROPRIU', 'Arsenal FC');

INSERT INTO ECHIPA(ID_ECHIPA, ID_CAMPIONAT, ID_COMPETITIE, ID_STADION, TIP_STADION, NUME)
VALUES ('PSG', 34, 1, 13, 'PROPRIU', 'Paris Saint-Germain FC');

INSERT INTO ECHIPA(ID_ECHIPA, ID_CAMPIONAT, ID_COMPETITIE, ID_STADION, TIP_STADION, NUME)
VALUES ('LYO', 34, NULL, 14, 'PROPRIU', 'Olympique Lyonnais');

INSERT INTO ECHIPA(ID_ECHIPA, ID_CAMPIONAT, ID_COMPETITIE, ID_STADION, TIP_STADION, NUME)
VALUES ('BAY', 261, 1, 15, 'PROPRIU', 'Bayern München');

INSERT INTO ECHIPA(ID_ECHIPA, ID_CAMPIONAT, ID_COMPETITIE, ID_STADION, TIP_STADION, NUME)
VALUES ('LEV', 261, NULL, 16, 'PROPRIU', 'Bayer Leverkusen');

INSERT INTO ECHIPA(ID_ECHIPA, ID_CAMPIONAT, ID_COMPETITIE, ID_STADION, TIP_STADION, NUME)
VALUES ('SCH', 261, 2, 17, 'PROPRIU', 'FC Schalke 04');

INSERT INTO ECHIPA(ID_ECHIPA, ID_CAMPIONAT, ID_COMPETITIE, ID_STADION, TIP_STADION, NUME)
VALUES ('BEN', 17, 1, 18, 'PROPRIU', 'Benfica SL');

INSERT INTO ECHIPA(ID_ECHIPA, ID_CAMPIONAT, ID_COMPETITIE, ID_STADION, TIP_STADION, NUME)
VALUES ('POR', 17, NULL, 19, 'PROPRIU', 'FC Porto');

INSERT INTO ECHIPA(ID_ECHIPA, ID_CAMPIONAT, ID_COMPETITIE, ID_STADION, TIP_STADION, NUME)
VALUES ('BRA', 17, 2, 20, 'PROPRIU', 'SC Braga');

INSERT INTO ECHIPA(ID_ECHIPA, ID_CAMPIONAT, ID_COMPETITIE, ID_STADION, TIP_STADION, NUME)
VALUES ('FCS', 127, NULL, 21, 'PROPRIU', 'FCSB');

INSERT INTO ECHIPA(ID_ECHIPA, ID_CAMPIONAT, ID_COMPETITIE, ID_STADION, TIP_STADION, NUME)
VALUES ('DIN', 127, NULL, 21, 'INCHIRIAT', 'Dinamo București');

INSERT INTO ECHIPA(ID_ECHIPA, ID_CAMPIONAT, ID_COMPETITIE, ID_STADION, TIP_STADION, NUME)
VALUES ('PSV', 307, NULL, 22, 'INCHIRIAT', 'PSV Eindhoven');

INSERT INTO ECHIPA(ID_ECHIPA, ID_CAMPIONAT, ID_COMPETITIE, ID_STADION, TIP_STADION, NUME)
VALUES ('AJA', 307, NULL, 23, 'PROPRIU', 'AFC Ajax');

INSERT INTO ECHIPA(ID_ECHIPA, ID_CAMPIONAT, ID_COMPETITIE, ID_STADION, TIP_STADION, NUME)
VALUES ('FEN', 234, 2, 24, 'PROPRIU', 'Fenerbahçe SK');

INSERT INTO ECHIPA(ID_ECHIPA, ID_CAMPIONAT, ID_COMPETITIE, ID_STADION, TIP_STADION, NUME)
VALUES ('GAL', 234, NULL, 25, 'PROPRIU', 'Galatasaray SK');


SELECT *
FROM ECHIPA;


--- Crearea tabelului:

CREATE TABLE MECI (
    ID_MECI                 NUMBER(3) DEFAULT MECI_SEQ.NEXTVAL,
    ID_STADION              NUMBER(3) NOT NULL,
    DATA_MECI               DATE NOT NULL,
    
    ID_ECHIPA_GAZDA         VARCHAR(3),
    ID_ECHIPA_OASPETE       VARCHAR(3),
    
    CONSTRAINT FK_MECI_STADION FOREIGN KEY (ID_STADION)
        REFERENCES STADION(ID_STADION),
    
    CONSTRAINT FK_MECI_GAZDA FOREIGN KEY (ID_ECHIPA_GAZDA)
        REFERENCES ECHIPA(ID_ECHIPA)
        ON DELETE SET NULL,
        
    CONSTRAINT FK_MECI_OASPETE FOREIGN KEY (ID_ECHIPA_OASPETE)
        REFERENCES ECHIPA(ID_ECHIPA)
        ON DELETE SET NULL,
        
    CONSTRAINT CK_ECHIPE_DISTINCTE CHECK (ID_ECHIPA_GAZDA <> ID_ECHIPA_OASPETE),
    
    CONSTRAINT UQ_MECI_UNIC UNIQUE (ID_ECHIPA_GAZDA, ID_ECHIPA_OASPETE, DATA_MECI),
    
    CONSTRAINT PK_MECI PRIMARY KEY (ID_MECI)
);

--- Inserarea datelor:
INSERT INTO MECI(ID_STADION, DATA_MECI, ID_ECHIPA_GAZDA, ID_ECHIPA_OASPETE)
VALUES (8, TO_DATE('09-08-2015', 'DD-MM-YYYY'), 'LIV', 'ARS');

INSERT INTO MECI(ID_STADION, DATA_MECI, ID_ECHIPA_GAZDA, ID_ECHIPA_OASPETE)
VALUES (10, TO_DATE('16-08-2015', 'DD-MM-YYYY'), 'CHE', 'MUN');

INSERT INTO MECI(ID_STADION, DATA_MECI, ID_ECHIPA_GAZDA, ID_ECHIPA_OASPETE)
VALUES (14, TO_DATE('9-08-2015', 'DD-MM-YYYY'), 'LYO', 'PSG');

INSERT INTO MECI(ID_STADION, DATA_MECI, ID_ECHIPA_GAZDA, ID_ECHIPA_OASPETE)
VALUES (15, TO_DATE('14-08-2015', 'DD-MM-YYYY'), 'BAY', 'LEV');

INSERT INTO MECI(ID_STADION, DATA_MECI, ID_ECHIPA_GAZDA, ID_ECHIPA_OASPETE)
VALUES (7, TO_DATE('23-08-2015', 'DD-MM-YYYY'), 'INT', 'JUV');

INSERT INTO MECI(ID_STADION, DATA_MECI, ID_ECHIPA_GAZDA, ID_ECHIPA_OASPETE)
VALUES (7, TO_DATE('30-08-2015', 'DD-MM-YYYY'), 'ACM', 'ROM');

INSERT INTO MECI(ID_STADION, DATA_MECI, ID_ECHIPA_GAZDA, ID_ECHIPA_OASPETE)
VALUES (23, TO_DATE('28-09-2015', 'DD-MM-YYYY'), 'AJA', 'PSV');

INSERT INTO MECI(ID_STADION, DATA_MECI, ID_ECHIPA_GAZDA, ID_ECHIPA_OASPETE)
VALUES (18, TO_DATE('15-08-2015', 'DD-MM-YYYY'), 'BEN', 'POR');

INSERT INTO MECI(ID_STADION, DATA_MECI, ID_ECHIPA_GAZDA, ID_ECHIPA_OASPETE)
VALUES (21, TO_DATE('11-07-2015', 'DD-MM-YYYY'), 'DIN', 'FCS');

INSERT INTO MECI(ID_STADION, DATA_MECI, ID_ECHIPA_GAZDA, ID_ECHIPA_OASPETE)
VALUES (1, TO_DATE('23-08-2015', 'DD-MM-YYYY'), 'RMA', 'BAR');

INSERT INTO MECI(ID_STADION, DATA_MECI, ID_ECHIPA_GAZDA, ID_ECHIPA_OASPETE)
VALUES (4, TO_DATE('28-08-2015', 'DD-MM-YYYY'), 'SEV', 'ATM');

INSERT INTO MECI(ID_STADION, DATA_MECI, ID_ECHIPA_GAZDA, ID_ECHIPA_OASPETE)
VALUES (25, TO_DATE('24-08-2015', 'DD-MM-YYYY'), 'GAL', 'FEN');

INSERT INTO MECI(ID_STADION, DATA_MECI, ID_ECHIPA_GAZDA, ID_ECHIPA_OASPETE)
VALUES (10, TO_DATE('16-09-2015', 'DD-MM-YYYY'), 'MCI', 'LYO');

INSERT INTO MECI(ID_STADION, DATA_MECI, ID_ECHIPA_GAZDA, ID_ECHIPA_OASPETE)
VALUES (22, TO_DATE('24-02-2016', 'DD-MM-YYYY'), 'PSV', 'ATM');

INSERT INTO MECI(ID_STADION, DATA_MECI, ID_ECHIPA_GAZDA, ID_ECHIPA_OASPETE)
VALUES (13, TO_DATE('06-04-2016', 'DD-MM-YYYY'), 'BAY', 'BEN');

INSERT INTO MECI(ID_STADION, DATA_MECI, ID_ECHIPA_GAZDA, ID_ECHIPA_OASPETE)
VALUES (15, TO_DATE('03-05-2016', 'DD-MM-YYYY'), 'MCI', 'RMA');

INSERT INTO MECI(ID_STADION, DATA_MECI, ID_ECHIPA_GAZDA, ID_ECHIPA_OASPETE)
VALUES (1, TO_DATE('04-05-2016', 'DD-MM-YYYY'), 'ATM', 'BAY');

INSERT INTO MECI(ID_STADION, DATA_MECI, ID_ECHIPA_GAZDA, ID_ECHIPA_OASPETE)
VALUES (7, TO_DATE('28-05-2016', 'DD-MM-YYYY'), 'RMA', 'ATM');

INSERT INTO MECI(ID_STADION, DATA_MECI, ID_ECHIPA_GAZDA, ID_ECHIPA_OASPETE)
VALUES (20, TO_DATE('22-10-2015', 'DD-MM-YYYY'), 'BRA', 'AJA');

INSERT INTO MECI(ID_STADION, DATA_MECI, ID_ECHIPA_GAZDA, ID_ECHIPA_OASPETE)
VALUES (17, TO_DATE('17-03-2016', 'DD-MM-YYYY'), 'SCH', 'FEN');

INSERT INTO MECI(ID_STADION, DATA_MECI, ID_ECHIPA_GAZDA, ID_ECHIPA_OASPETE)
VALUES (4, TO_DATE('14-04-2016', 'DD-MM-YYYY'), 'SEV', 'FEN');

INSERT INTO MECI(ID_STADION, DATA_MECI, ID_ECHIPA_GAZDA, ID_ECHIPA_OASPETE)
VALUES (8, TO_DATE('05-05-2016', 'DD-MM-YYYY'), 'LIV', 'SCH');

INSERT INTO MECI(ID_STADION, DATA_MECI, ID_ECHIPA_GAZDA, ID_ECHIPA_OASPETE)
VALUES (9, TO_DATE('18-05-2016', 'DD-MM-YYYY'), 'SEV', 'LIV');


SELECT * 
FROM MECI;


--- Crearea tabelului:

CREATE TABLE MECI_INTERN (
    ID_MECI                   NUMBER(3),
    ID_CAMPIONAT              NUMBER(3),
    NUMAR_ETAPA               NUMBER(2),
        
    CONSTRAINT FK_MI_MECI FOREIGN KEY (ID_MECI)
        REFERENCES MECI(ID_MECI)
        ON DELETE CASCADE,
        
    CONSTRAINT FK_MI_ETAPA FOREIGN KEY (ID_CAMPIONAT, NUMAR_ETAPA)
        REFERENCES ETAPA_CAMPIONAT(ID_CAMPIONAT, NUMAR_ETAPA)
        ON DELETE CASCADE,
        
    CONSTRAINT PK_MECI_INTERN PRIMARY KEY (ID_MECI)
);

--- Inserarea datelor:

INSERT INTO MECI_INTERN(ID_MECI, ID_CAMPIONAT, NUMAR_ETAPA)
VALUES (1, 12, 1);

INSERT INTO MECI_INTERN(ID_MECI, ID_CAMPIONAT, NUMAR_ETAPA)
VALUES (2, 12, 2);

INSERT INTO MECI_INTERN(ID_MECI, ID_CAMPIONAT, NUMAR_ETAPA)
VALUES (3, 34, 1);

INSERT INTO MECI_INTERN(ID_MECI, ID_CAMPIONAT, NUMAR_ETAPA)
VALUES (4, 261, 1);

INSERT INTO MECI_INTERN(ID_MECI, ID_CAMPIONAT, NUMAR_ETAPA)
VALUES (5, 324, 1);

INSERT INTO MECI_INTERN(ID_MECI, ID_CAMPIONAT, NUMAR_ETAPA)
VALUES (6, 324, 2);

INSERT INTO MECI_INTERN(ID_MECI, ID_CAMPIONAT, NUMAR_ETAPA)
VALUES (7, 307, 3);

INSERT INTO MECI_INTERN(ID_MECI, ID_CAMPIONAT, NUMAR_ETAPA)
VALUES (8, 17, 1);

INSERT INTO MECI_INTERN(ID_MECI, ID_CAMPIONAT, NUMAR_ETAPA)
VALUES (9, 127, 1);

INSERT INTO MECI_INTERN(ID_MECI, ID_CAMPIONAT, NUMAR_ETAPA)
VALUES (10, 167, 1);

INSERT INTO MECI_INTERN(ID_MECI, ID_CAMPIONAT, NUMAR_ETAPA)
VALUES (11, 167, 2);

INSERT INTO MECI_INTERN(ID_MECI, ID_CAMPIONAT, NUMAR_ETAPA)
VALUES (12, 234, 2);


SELECT *
FROM MECI_INTERN;


--- Crearea tabelului:

CREATE TABLE MECI_EURO (
    ID_MECI                   NUMBER(3),
    ID_FAZA_COMPETITIE        NUMBER(2) NOT NULL,
    ID_COMPETITIE             NUMBER(2) NOT NULL,
    
    CONSTRAINT FK_ME_MECI FOREIGN KEY (ID_MECI)
        REFERENCES MECI(ID_MECI)
        ON DELETE CASCADE,
        
    CONSTRAINT FK_ME_FAZA FOREIGN KEY (ID_COMPETITIE, ID_FAZA_COMPETITIE)
        REFERENCES FAZA_COMPETITIE(ID_COMPETITIE, ID_FAZA_COMPETITIE)
        ON DELETE CASCADE,
    
    CONSTRAINT PK_MECI_EURO PRIMARY KEY (ID_MECI)
);

--- Inserarea datelor:

INSERT INTO MECI_EURO(ID_MECI, ID_FAZA_COMPETITIE, ID_COMPETITIE)
VALUES (13, 1, 1);

INSERT INTO MECI_EURO(ID_MECI, ID_FAZA_COMPETITIE, ID_COMPETITIE)
VALUES (14, 2, 1); 

INSERT INTO MECI_EURO(ID_MECI, ID_FAZA_COMPETITIE, ID_COMPETITIE)
VALUES (15, 3, 1); 

INSERT INTO MECI_EURO(ID_MECI, ID_FAZA_COMPETITIE, ID_COMPETITIE)
VALUES (16, 4, 1); 

INSERT INTO MECI_EURO(ID_MECI, ID_FAZA_COMPETITIE, ID_COMPETITIE)
VALUES (17, 4, 1);

INSERT INTO MECI_EURO(ID_MECI, ID_FAZA_COMPETITIE, ID_COMPETITIE)
VALUES (18, 5, 1); 

INSERT INTO MECI_EURO(ID_MECI, ID_FAZA_COMPETITIE, ID_COMPETITIE)
VALUES (19, 1, 2);

INSERT INTO MECI_EURO(ID_MECI, ID_FAZA_COMPETITIE, ID_COMPETITIE)
VALUES (20, 2, 2);

INSERT INTO MECI_EURO(ID_MECI, ID_FAZA_COMPETITIE, ID_COMPETITIE)
VALUES (21, 3, 2);

INSERT INTO MECI_EURO(ID_MECI, ID_FAZA_COMPETITIE, ID_COMPETITIE)
VALUES (22, 4, 2);

INSERT INTO MECI_EURO(ID_MECI, ID_FAZA_COMPETITIE, ID_COMPETITIE)
VALUES (23, 5, 2);


SELECT *
FROM MECI_EURO;


--- Crearea tabelului:

CREATE TABLE JUCATOR (
    ID_JUCATOR            NUMBER(3) DEFAULT JUCATOR_SEQ.NEXTVAL,
    ID_ECHIPA             VARCHAR(3) NOT NULL,
    
    ID_NATIONALA          NUMBER(3), 
    PRENUME               VARCHAR(25) NOT NULL,
    NUME                  VARCHAR(25) NOT NULL,
    DATA_NASTERII         DATE NOT NULL,
    NATIONALITATE         VARCHAR(20) NOT NULL,
    POZITIE               VARCHAR(40) NOT NULL,
    
    CONSTRAINT FK_JUCATOR_ECHIPA FOREIGN KEY (ID_ECHIPA)
        REFERENCES ECHIPA(ID_ECHIPA),
        
    CONSTRAINT FK_JUCATOR_NATIONALA FOREIGN KEY (ID_NATIONALA)
        REFERENCES NATIONALA(ID_NATIONALA),
        
    CONSTRAINT PK_JUCATOR PRIMARY KEY (ID_JUCATOR)
);

--- Inserarea datelor:

INSERT INTO JUCATOR (ID_ECHIPA, ID_NATIONALA, PRENUME, NUME, DATA_NASTERII, NATIONALITATE, POZITIE)
VALUES ('LIV', NULL, 'Simon', 'Mignolet', TO_DATE('06-03-1988', 'DD-MM-YYYY'), 'Belgian', 'Portar');

INSERT INTO JUCATOR (ID_ECHIPA, ID_NATIONALA, PRENUME, NUME, DATA_NASTERII, NATIONALITATE, POZITIE)
VALUES ('LIV', 1, 'James', 'Milner', TO_DATE('04-01-1986', 'DD-MM-YYYY'), 'Englez', 'Mijlocaș central defensiv'); 

INSERT INTO JUCATOR (ID_ECHIPA, ID_NATIONALA, PRENUME, NUME, DATA_NASTERII, NATIONALITATE, POZITIE)
VALUES ('LIV', 3, 'Emre', 'Can', TO_DATE('12-01-1994', 'DD-MM-YYYY'), 'German', 'Mijlocaș central defensiv'); 

INSERT INTO JUCATOR (ID_ECHIPA, ID_NATIONALA, PRENUME, NUME, DATA_NASTERII, NATIONALITATE, POZITIE)
VALUES ('LIV', 1, 'Adam', 'Lallana', TO_DATE('10-05-1988', 'DD-MM-YYYY'), 'Englez', 'Mijlocaș ofensiv lateral drept'); 

INSERT INTO JUCATOR (ID_ECHIPA, ID_NATIONALA, PRENUME, NUME, DATA_NASTERII, NATIONALITATE, POZITIE)
VALUES ('LIV', NULL, 'Roberto', 'Firmino', TO_DATE('02-10-1991', 'DD-MM-YYYY'), 'Brazilian', 'Mijlocaș central ofensiv');

INSERT INTO JUCATOR (ID_ECHIPA, ID_NATIONALA, PRENUME, NUME, DATA_NASTERII, NATIONALITATE, POZITIE)
VALUES ('LIV', NULL, 'Philippe', 'Coutinho', TO_DATE('12-06-1992', 'DD-MM-YYYY'), 'Brazilian', 'Mijlocaș ofensiv lateral stâng'); 

INSERT INTO JUCATOR (ID_ECHIPA, ID_NATIONALA, PRENUME, NUME, DATA_NASTERII, NATIONALITATE, POZITIE)
VALUES ('LIV', 1, 'Daniel', 'Sturridge', TO_DATE('01-09-1989', 'DD-MM-YYYY'), 'Englez', 'Atacant');

INSERT INTO JUCATOR (ID_ECHIPA, ID_NATIONALA, PRENUME, NUME, DATA_NASTERII, NATIONALITATE, POZITIE)
VALUES ('SEV', NULL, 'David', 'Soria', TO_DATE('04-04-1993', 'DD-MM-YYYY'), 'Spaniol', 'Portar');

INSERT INTO JUCATOR (ID_ECHIPA, ID_NATIONALA, PRENUME, NUME, DATA_NASTERII, NATIONALITATE, POZITIE)
VALUES ('SEV', 2, 'Adil', 'Rami', TO_DATE('27-12-1985', 'DD-MM-YYYY'), 'Francez', 'Fundaș central'); 

INSERT INTO JUCATOR (ID_ECHIPA, ID_NATIONALA, PRENUME, NUME, DATA_NASTERII, NATIONALITATE, POZITIE)
VALUES ('SEV', 6, 'Daniel', 'Carriço', TO_DATE('04-08-1988', 'DD-MM-YYYY'), 'Portughez', 'Fundaș central');

INSERT INTO JUCATOR (ID_ECHIPA, ID_NATIONALA, PRENUME, NUME, DATA_NASTERII, NATIONALITATE, POZITIE)
VALUES ('SEV', NULL, 'Steven', 'N''Zonzi', TO_DATE('15-12-1988', 'DD-MM-YYYY'), 'Francez', 'Mijlocaș central defensiv');

INSERT INTO JUCATOR (ID_ECHIPA, ID_NATIONALA, PRENUME, NUME, DATA_NASTERII, NATIONALITATE, POZITIE)
VALUES ('SEV', 8, 'Jorge', 'Coke', TO_DATE('26-04-1987', 'DD-MM-YYYY'), 'Spaniol', 'Mijlocaș ofensiv lateral dreapta');

INSERT INTO JUCATOR (ID_ECHIPA, ID_NATIONALA, PRENUME, NUME, DATA_NASTERII, NATIONALITATE, POZITIE)
VALUES ('SEV', 8, 'Vítolo', 'Machín', TO_DATE('02-11-1989', 'DD-MM-YYYY'), 'Spaniol', 'Mijlocaș ofensiv lateral stânga'); 

INSERT INTO JUCATOR (ID_ECHIPA, ID_NATIONALA, PRENUME, NUME, DATA_NASTERII, NATIONALITATE, POZITIE)
VALUES ('SEV', 2, 'Kevin', 'Gameiro', TO_DATE('09-05-1987', 'DD-MM-YYYY'), 'Francez', 'Atacant');


INSERT INTO JUCATOR (ID_ECHIPA, ID_NATIONALA, PRENUME, NUME, DATA_NASTERII, NATIONALITATE, POZITIE)
VALUES ('RMA', NULL, 'Keylor', 'Navas', TO_DATE('15-12-1986', 'DD-MM-YYYY'), 'Costa Rican', 'Portar');

INSERT INTO JUCATOR (ID_ECHIPA, ID_NATIONALA, PRENUME, NUME, DATA_NASTERII, NATIONALITATE, POZITIE)
VALUES ('RMA', 8, 'Dani', 'Carvajal', TO_DATE('11-01-1992', 'DD-MM-YYYY'), 'Spaniol', 'Fundaș dreapta'); 

INSERT INTO JUCATOR (ID_ECHIPA, ID_NATIONALA, PRENUME, NUME, DATA_NASTERII, NATIONALITATE, POZITIE)
VALUES ('RMA', 6, 'Pepe', 'Ferreira', TO_DATE('26-02-1983', 'DD-MM-YYYY'), 'Portughez', 'Fundaș central'); 

INSERT INTO JUCATOR (ID_ECHIPA, ID_NATIONALA, PRENUME, NUME, DATA_NASTERII, NATIONALITATE, POZITIE)
VALUES ('RMA', 8, 'Sergio', 'Ramos', TO_DATE('04-08-1988', 'DD-MM-YYYY'), 'Spaniol', 'Fundaș central');

INSERT INTO JUCATOR (ID_ECHIPA, ID_NATIONALA, PRENUME, NUME, DATA_NASTERII, NATIONALITATE, POZITIE)
VALUES ('RMA', NULL, 'Marcelo', 'Vieira', TO_DATE('12-05-1988', 'DD-MM-YYYY'), 'Brazilian', 'Fundaș stânga'); 

INSERT INTO JUCATOR (ID_ECHIPA, ID_NATIONALA, PRENUME, NUME, DATA_NASTERII, NATIONALITATE, POZITIE)
VALUES ('RMA', NULL, 'Luka', 'Modrić', TO_DATE('09-09-1985', 'DD-MM-YYYY'), 'Croat', 'Mijlocaș lateral');

INSERT INTO JUCATOR (ID_ECHIPA, ID_NATIONALA, PRENUME, NUME, DATA_NASTERII, NATIONALITATE, POZITIE)
VALUES ('RMA', NULL, 'Casemiro', 'Henrique', TO_DATE('23-02-1992', 'DD-MM-YYYY'), 'Brazilian', 'Mijlocaș central');

INSERT INTO JUCATOR (ID_ECHIPA, ID_NATIONALA, PRENUME, NUME, DATA_NASTERII, NATIONALITATE, POZITIE)
VALUES ('RMA', 3, 'Toni', 'Kroos', TO_DATE('04-01-1990', 'DD-MM-YYYY'), 'German', 'Mijlocaș dreapta');

INSERT INTO JUCATOR (ID_ECHIPA, ID_NATIONALA, PRENUME, NUME, DATA_NASTERII, NATIONALITATE, POZITIE)
VALUES ('RMA', NULL, 'Gareth', 'Bale', TO_DATE('16-07-1989', 'DD-MM-YYYY'), 'Galez', 'Aripă dreaptă');

INSERT INTO JUCATOR (ID_ECHIPA, ID_NATIONALA, PRENUME, NUME, DATA_NASTERII, NATIONALITATE, POZITIE)
VALUES ('RMA', 2, 'Karim', 'Benzema', TO_DATE('19-12-1987', 'DD-MM-YYYY'), 'Francez', 'Atacant');

INSERT INTO JUCATOR (ID_ECHIPA, ID_NATIONALA, PRENUME, NUME, DATA_NASTERII, NATIONALITATE, POZITIE)
VALUES ('RMA', 6, 'Cristiano', 'Ronaldo', TO_DATE('05-02-1985', 'DD-MM-YYYY'), 'Portughez', 'Aripă stângă');

INSERT INTO JUCATOR (ID_ECHIPA, ID_NATIONALA, PRENUME, NUME, DATA_NASTERII, NATIONALITATE, POZITIE)
VALUES ('ATM', NULL, 'Jan', 'Oblak', TO_DATE('07-01-1993', 'DD-MM-YYYY'), 'Sloven', 'Portar');

INSERT INTO JUCATOR (ID_ECHIPA, ID_NATIONALA, PRENUME, NUME, DATA_NASTERII, NATIONALITATE, POZITIE)
VALUES ('ATM', 8, 'Juanfran', 'Torres', TO_DATE('09-01-1985', 'DD-MM-YYYY'), 'Spaniol', 'Fundaș dreapta');

INSERT INTO JUCATOR (ID_ECHIPA, ID_NATIONALA, PRENUME, NUME, DATA_NASTERII, NATIONALITATE, POZITIE)
VALUES ('ATM', NULL, 'Diego', 'Godín', TO_DATE('16-02-1986', 'DD-MM-YYYY'), 'Uruguayan', 'Fundaș central');

INSERT INTO JUCATOR (ID_ECHIPA, ID_NATIONALA, PRENUME, NUME, DATA_NASTERII, NATIONALITATE, POZITIE)
VALUES ('ATM', 8, 'Saúl', 'Ñíguez', TO_DATE('21-11-1994', 'DD-MM-YYYY'), 'Spaniol', 'Mijlocaș dreapta');

INSERT INTO JUCATOR (ID_ECHIPA, ID_NATIONALA, PRENUME, NUME, DATA_NASTERII, NATIONALITATE, POZITIE)
VALUES ('ATM', 8, 'Koke', 'Resurrección', TO_DATE('08-01-1992', 'DD-MM-YYYY'), 'Spaniol', 'Mijlocaș stânga');

INSERT INTO JUCATOR (ID_ECHIPA, ID_NATIONALA, PRENUME, NUME, DATA_NASTERII, NATIONALITATE, POZITIE)
VALUES ('ATM', 8, 'Fernando', 'Torres', TO_DATE('20-03-1984', 'DD-MM-YYYY'), 'Spaniol', 'Atacant');

INSERT INTO JUCATOR (ID_ECHIPA, ID_NATIONALA, PRENUME, NUME, DATA_NASTERII, NATIONALITATE, POZITIE)
VALUES ('ATM', 2, 'Antoine', 'Griezmann', TO_DATE('21-03-1991', 'DD-MM-YYYY'), 'Francez', 'Atacant'); 


INSERT INTO JUCATOR (ID_ECHIPA, ID_NATIONALA, PRENUME, NUME, DATA_NASTERII, NATIONALITATE, POZITIE)
VALUES ('BAY', 3, 'Manuel', 'Neuer', TO_DATE('27-03-1986', 'DD-MM-YYYY'), 'German', 'Portar');

INSERT INTO JUCATOR (ID_ECHIPA, ID_NATIONALA, PRENUME, NUME, DATA_NASTERII, NATIONALITATE, POZITIE)
VALUES ('BAY', 3, 'Philipp', 'Lahm', TO_DATE('11-11-1983', 'DD-MM-YYYY'), 'German', 'Fundaș dreapta');

INSERT INTO JUCATOR (ID_ECHIPA, ID_NATIONALA, PRENUME, NUME, DATA_NASTERII, NATIONALITATE, POZITIE)
VALUES ('BAY', 3, 'Jérôme', 'Boateng', TO_DATE('03-09-1988', 'DD-MM-YYYY'), 'German', 'Fundaș central');

INSERT INTO JUCATOR (ID_ECHIPA, ID_NATIONALA, PRENUME, NUME, DATA_NASTERII, NATIONALITATE, POZITIE)
VALUES ('BAY', 8, 'Javi', 'Martínez', TO_DATE('02-09-1988', 'DD-MM-YYYY'), 'Spaniol', 'Fundaș central'); 

INSERT INTO JUCATOR (ID_ECHIPA, ID_NATIONALA, PRENUME, NUME, DATA_NASTERII, NATIONALITATE, POZITIE)
VALUES ('BAY', NULL, 'David', 'Alaba', TO_DATE('24-06-1992', 'DD-MM-YYYY'), 'Austriac', 'Fundaș stânga');

INSERT INTO JUCATOR (ID_ECHIPA, ID_NATIONALA, PRENUME, NUME, DATA_NASTERII, NATIONALITATE, POZITIE)
VALUES ('BAY', 8, 'Xabi', 'Alonso', TO_DATE('25-11-1981', 'DD-MM-YYYY'), 'Spaniol', 'Mijlocaș defensiv');

INSERT INTO JUCATOR (ID_ECHIPA, ID_NATIONALA, PRENUME, NUME, DATA_NASTERII, NATIONALITATE, POZITIE)
VALUES ('BAY', NULL, 'Douglas', 'Costa', TO_DATE('14-09-1990', 'DD-MM-YYYY'), 'Brazilian', 'Mijlocaș lateral dreapta');

INSERT INTO JUCATOR (ID_ECHIPA, ID_NATIONALA, PRENUME, NUME, DATA_NASTERII, NATIONALITATE, POZITIE)
VALUES ('BAY', 3, 'Thomas', 'Müller', TO_DATE('13-09-1989', 'DD-MM-YYYY'), 'German', 'Mijlocaș central');

INSERT INTO JUCATOR (ID_ECHIPA, ID_NATIONALA, PRENUME, NUME, DATA_NASTERII, NATIONALITATE, POZITIE)
VALUES ('BAY', NULL, 'Arturo', 'Vidal', TO_DATE('22-05-1987', 'DD-MM-YYYY'), 'Chilean', 'Mijlocaș central');

INSERT INTO JUCATOR (ID_ECHIPA, ID_NATIONALA, PRENUME, NUME, DATA_NASTERII, NATIONALITATE, POZITIE)
VALUES ('BAY', 2, 'Franck', 'Ribéry', TO_DATE('07-04-1983', 'DD-MM-YYYY'), 'Francez', 'Mijlocaș lateral stânga');

INSERT INTO JUCATOR (ID_ECHIPA, ID_NATIONALA, PRENUME, NUME, DATA_NASTERII, NATIONALITATE, POZITIE)
VALUES ('BAY', NULL, 'Robert', 'Lewandowski', TO_DATE('21-08-1988', 'DD-MM-YYYY'), 'Polonez', 'Atacant');


INSERT INTO JUCATOR (ID_ECHIPA, ID_NATIONALA, PRENUME, NUME, DATA_NASTERII, NATIONALITATE, POZITIE)
VALUES ('MCI', 1, 'Joe', 'Hart', TO_DATE('19-04-1987', 'DD-MM-YYYY'), 'Englez', 'Portar');

INSERT INTO JUCATOR (ID_ECHIPA, ID_NATIONALA, PRENUME, NUME, DATA_NASTERII, NATIONALITATE, POZITIE)
VALUES ('MCI', 2, 'Bacary', 'Sagna', TO_DATE('14-02-1983', 'DD-MM-YYYY'), 'Francez', 'Fundaș dreapta');

INSERT INTO JUCATOR (ID_ECHIPA, ID_NATIONALA, PRENUME, NUME, DATA_NASTERII, NATIONALITATE, POZITIE)
VALUES ('MCI', NULL, 'Vincent', 'Kompany', TO_DATE('10-04-1986', 'DD-MM-YYYY'), 'Belgian', 'Fundaș central');

INSERT INTO JUCATOR (ID_ECHIPA, ID_NATIONALA, PRENUME, NUME, DATA_NASTERII, NATIONALITATE, POZITIE)
VALUES ('MCI', NULL, 'Nicolás', 'Otamendi', TO_DATE('12-02-1988', 'DD-MM-YYYY'), 'Argentinian', 'Fundaș central');

INSERT INTO JUCATOR (ID_ECHIPA, ID_NATIONALA, PRENUME, NUME, DATA_NASTERII, NATIONALITATE, POZITIE)
VALUES ('MCI', 8, 'Jesús', 'Navas', TO_DATE('21-11-1985', 'DD-MM-YYYY'), 'Spaniol', 'Mijlocaș ofensiv lateral dreapta');

INSERT INTO JUCATOR (ID_ECHIPA, ID_NATIONALA, PRENUME, NUME, DATA_NASTERII, NATIONALITATE, POZITIE)
VALUES ('MCI', NULL, 'Kevin', 'De Bruyne', TO_DATE('28-06-1991', 'DD-MM-YYYY'), 'Belgian', 'Mijlocaș ofensiv lateral stânga');

INSERT INTO JUCATOR (ID_ECHIPA, ID_NATIONALA, PRENUME, NUME, DATA_NASTERII, NATIONALITATE, POZITIE)
VALUES ('MCI', NULL, 'Sergio', 'Agüero', TO_DATE('02-06-1988', 'DD-MM-YYYY'), 'Argentinian', 'Atacant'); 


INSERT INTO JUCATOR (ID_ECHIPA, ID_NATIONALA, PRENUME, NUME, DATA_NASTERII, NATIONALITATE, POZITIE)
VALUES ('ARS', 3, 'Mesut', 'Özil', TO_DATE('15-10-1988', 'DD-MM-YYYY'), 'German', 'Mijlocaș ofensiv');

INSERT INTO JUCATOR (ID_ECHIPA, ID_NATIONALA, PRENUME, NUME, DATA_NASTERII, NATIONALITATE, POZITIE)
VALUES ('CHE', NULL, 'Eden', 'Hazard', TO_DATE('07-01-1991', 'DD-MM-YYYY'), 'Belgian', 'Aripă stângă');

INSERT INTO JUCATOR (ID_ECHIPA, ID_NATIONALA, PRENUME, NUME, DATA_NASTERII, NATIONALITATE, POZITIE)
VALUES ('MUN', 1, 'Marcus', 'Rashford', TO_DATE('31-10-1997', 'DD-MM-YYYY'), 'Englez', 'Atacant');

INSERT INTO JUCATOR (ID_ECHIPA, ID_NATIONALA, PRENUME, NUME, DATA_NASTERII, NATIONALITATE, POZITIE)
VALUES ('PSG', NULL, 'Zlatan', 'Ibrahimović', TO_DATE('03-10-1981', 'DD-MM-YYYY'), 'Suedez', 'Atacant');

INSERT INTO JUCATOR (ID_ECHIPA, ID_NATIONALA, PRENUME, NUME, DATA_NASTERII, NATIONALITATE, POZITIE)
VALUES ('INT', NULL, 'Mauro', 'Icardi', TO_DATE('19-02-1993', 'DD-MM-YYYY'), 'Argentinian', 'Atacant');

INSERT INTO JUCATOR (ID_ECHIPA, ID_NATIONALA, PRENUME, NUME, DATA_NASTERII, NATIONALITATE, POZITIE)
VALUES ('JUV', NULL, 'Paulo', 'Dybala', TO_DATE('15-11-1993', 'DD-MM-YYYY'), 'Argentinian', 'Atacant');

INSERT INTO JUCATOR (ID_ECHIPA, ID_NATIONALA, PRENUME, NUME, DATA_NASTERII, NATIONALITATE, POZITIE)
VALUES ('ACM', 4, 'Giacomo', 'Bonaventura', TO_DATE('22-08-1989', 'DD-MM-YYYY'), 'Italian', 'Mijlocaș central');

INSERT INTO JUCATOR (ID_ECHIPA, ID_NATIONALA, PRENUME, NUME, DATA_NASTERII, NATIONALITATE, POZITIE)
VALUES ('BEN', 6, 'Renato', 'Sanches', TO_DATE('18-08-1997', 'DD-MM-YYYY'), 'Portughez', 'Mijlocaș');

INSERT INTO JUCATOR (ID_ECHIPA, ID_NATIONALA, PRENUME, NUME, DATA_NASTERII, NATIONALITATE, POZITIE)
VALUES ('POR', NULL, 'Maxi', 'Pereira', TO_DATE('08-06-1984', 'DD-MM-YYYY'), 'Uruguayan', 'Fundaș dreapta');

INSERT INTO JUCATOR (ID_ECHIPA, ID_NATIONALA, PRENUME, NUME, DATA_NASTERII, NATIONALITATE, POZITIE)
VALUES ('FCS', 7, 'Nicolae', 'Stanciu', TO_DATE('07-05-1993', 'DD-MM-YYYY'), 'Român', 'Mijlocaș ofensiv');

INSERT INTO JUCATOR (ID_ECHIPA, ID_NATIONALA, PRENUME, NUME, DATA_NASTERII, NATIONALITATE, POZITIE)
VALUES ('AJA', 5, 'Donny', 'van de Beek', TO_DATE('18-04-1997', 'DD-MM-YYYY'), 'Olandez', 'Mijlocaș central');

INSERT INTO JUCATOR (ID_ECHIPA, ID_NATIONALA, PRENUME, NUME, DATA_NASTERII, NATIONALITATE, POZITIE)
VALUES ('FEN', 9, 'Mehmet', 'Topal', TO_DATE('03-03-1986', 'DD-MM-YYYY'), 'Turc', 'Mijlocaș defensiv'); 

INSERT INTO JUCATOR (ID_ECHIPA, ID_NATIONALA, PRENUME, NUME, DATA_NASTERII, NATIONALITATE, POZITIE)
VALUES ('BAR', NULL, 'Lionel', 'Messi', TO_DATE('24-06-1987', 'DD-MM-YYYY'), 'Argentinian', 'Atacant');

INSERT INTO JUCATOR (ID_ECHIPA, ID_NATIONALA, PRENUME, NUME, DATA_NASTERII, NATIONALITATE, POZITIE)
VALUES ('ROM', NULL, 'Kostas', 'Manolas', TO_DATE('14-06-1991', 'DD-MM-YYYY'), 'Grec', 'Fundaș central');

INSERT INTO JUCATOR (ID_ECHIPA, ID_NATIONALA, PRENUME, NUME, DATA_NASTERII, NATIONALITATE, POZITIE)
VALUES ('LYO', NULL, 'Rafael', 'Pereira', TO_DATE('09-07-1990', 'DD-MM-YYYY'), 'Brazilian', 'Fundaș dreapta');

INSERT INTO JUCATOR (ID_ECHIPA, ID_NATIONALA, PRENUME, NUME, DATA_NASTERII, NATIONALITATE, POZITIE)
VALUES ('BRA', 6, 'Rafa', 'Silva', TO_DATE('17-05-1993', 'DD-MM-YYYY'), 'Portughez', 'Atacant');

INSERT INTO JUCATOR (ID_ECHIPA, ID_NATIONALA, PRENUME, NUME, DATA_NASTERII, NATIONALITATE, POZITIE)
VALUES ('DIN', 7, 'Steliano', 'Filip', TO_DATE('15-05-1994', 'DD-MM-YYYY'), 'Român', 'Mijlocaș lateral');

INSERT INTO JUCATOR (ID_ECHIPA, ID_NATIONALA, PRENUME, NUME, DATA_NASTERII, NATIONALITATE, POZITIE)
VALUES ('PSV', 5, 'Luuk', 'de Jong', TO_DATE('27-08-1990', 'DD-MM-YYYY'), 'Olandez', 'Atacant');

INSERT INTO JUCATOR (ID_ECHIPA, ID_NATIONALA, PRENUME, NUME, DATA_NASTERII, NATIONALITATE, POZITIE)
VALUES ('GAL', 9, 'Emre', 'Çolak', TO_DATE('20-05-1991', 'DD-MM-YYYY'), 'Turc', 'Mijlocaș ofensiv');


SELECT *
FROM JUCATOR;


--- Crearea tabelului:

CREATE TABLE GOL (
    ID_MECI           NUMBER(3),
    NUMAR_GOL         NUMBER(3),
    ID_JUCATOR        NUMBER(3) NOT NULL,                      
    VALIDAT           VARCHAR(2)
        CONSTRAINT CK_GOL_VALID CHECK (VALIDAT IN ('DA', 'NU')),
        
    TIP_GOL           VARCHAR(40) NOT NULL,
    MINUT_GOL         NUMBER(3)
        CONSTRAINT CK_MIN_GOL CHECK (MINUT_GOL BETWEEN 1 AND 130),
        
    CONSTRAINT FK_GOL_JUCATOR FOREIGN KEY (ID_JUCATOR)
        REFERENCES JUCATOR(ID_JUCATOR)
        ON DELETE CASCADE,
        
    CONSTRAINT FK_GOL_MECI FOREIGN KEY (ID_MECI)
        REFERENCES MECI(ID_MECI)
        ON DELETE CASCADE,
        
    CONSTRAINT PK_GOL PRIMARY KEY (ID_MECI, NUMAR_GOL)
);

--- Inserarea datelor:

INSERT INTO GOL(ID_MECI, NUMAR_GOL, ID_JUCATOR, VALIDAT, TIP_GOL, MINUT_GOL)
VALUES(1, 1, 4, 'DA', 'Șut din afara careului', 43);

INSERT INTO GOL(ID_MECI, NUMAR_GOL, ID_JUCATOR, VALIDAT, TIP_GOL, MINUT_GOL)
VALUES(1, 2, 2, 'DA', 'Lovitură cu capul', 78);

INSERT INTO GOL(ID_MECI, NUMAR_GOL, ID_JUCATOR, VALIDAT, TIP_GOL, MINUT_GOL)
VALUES(1, 3, 49, 'DA', 'Lovitură liberă', 44);

INSERT INTO GOL(ID_MECI, NUMAR_GOL, ID_JUCATOR, VALIDAT, TIP_GOL, MINUT_GOL)
VALUES(1, 4, 50, 'NU', 'Șut din interiorul careului', 83);

INSERT INTO GOL(ID_MECI, NUMAR_GOL, ID_JUCATOR, VALIDAT, TIP_GOL, MINUT_GOL)
VALUES(2, 1, 53, 'DA', 'Lovitură liberă', 35);

INSERT INTO GOL(ID_MECI, NUMAR_GOL, ID_JUCATOR, VALIDAT, TIP_GOL, MINUT_GOL)
VALUES(2, 2, 52, 'DA', 'Șut din afara careului', 67);

INSERT INTO GOL(ID_MECI, NUMAR_GOL, ID_JUCATOR, VALIDAT, TIP_GOL, MINUT_GOL)
VALUES(3, 1, 54, 'DA', 'Foarfecă', 74);

INSERT INTO GOL(ID_MECI, NUMAR_GOL, ID_JUCATOR, VALIDAT, TIP_GOL, MINUT_GOL)
VALUES(4, 1, 37, 'DA', 'Șut din interiorul careului', 12);

INSERT INTO GOL(ID_MECI, NUMAR_GOL, ID_JUCATOR, VALIDAT, TIP_GOL, MINUT_GOL)
VALUES(4, 2, 38, 'DA', 'Lovitură liberă', 52);

INSERT INTO GOL(ID_MECI, NUMAR_GOL, ID_JUCATOR, VALIDAT, TIP_GOL, MINUT_GOL)
VALUES(4, 3, 43, 'DA', 'Lovitură cu capul', 84);

INSERT INTO GOL(ID_MECI, NUMAR_GOL, ID_JUCATOR, VALIDAT, TIP_GOL, MINUT_GOL)
VALUES(5, 1, 56, 'DA', 'Corner', 98);

INSERT INTO GOL(ID_MECI, NUMAR_GOL, ID_JUCATOR, VALIDAT, TIP_GOL, MINUT_GOL)
VALUES(5, 2, 55, 'DA', 'Șut din afara careului', 103);

INSERT INTO GOL(ID_MECI, NUMAR_GOL, ID_JUCATOR, VALIDAT, TIP_GOL, MINUT_GOL)
VALUES(6, 1, 57, 'DA', 'Șut din careu', 4);

INSERT INTO GOL(ID_MECI, NUMAR_GOL, ID_JUCATOR, VALIDAT, TIP_GOL, MINUT_GOL)
VALUES(8, 1, 58, 'DA', 'Penalty', 49);

INSERT INTO GOL(ID_MECI, NUMAR_GOL, ID_JUCATOR, VALIDAT, TIP_GOL, MINUT_GOL)
VALUES(8, 2, 59, 'DA', 'Lovitură cu capul', 70);

INSERT INTO GOL(ID_MECI, NUMAR_GOL, ID_JUCATOR, VALIDAT, TIP_GOL, MINUT_GOL)
VALUES(9, 1, 60, 'DA', 'Lovitură liberă', 78);

INSERT INTO GOL(ID_MECI, NUMAR_GOL, ID_JUCATOR, VALIDAT, TIP_GOL, MINUT_GOL)
VALUES(9, 2, 60, 'NU', 'Șut din interiorul careului', 91);

INSERT INTO GOL(ID_MECI, NUMAR_GOL, ID_JUCATOR, VALIDAT, TIP_GOL, MINUT_GOL)
VALUES(10, 1, 25, 'DA', 'Foarfecă', 75);

INSERT INTO GOL(ID_MECI, NUMAR_GOL, ID_JUCATOR, VALIDAT, TIP_GOL, MINUT_GOL)
VALUES(10, 2, 18, 'DA', 'Lovitură cu capul', 93);

INSERT INTO GOL(ID_MECI, NUMAR_GOL, ID_JUCATOR, VALIDAT, TIP_GOL, MINUT_GOL)
VALUES(11, 1, 32, 'DA', 'Lovitură din interiorul careului', 2);

INSERT INTO GOL(ID_MECI, NUMAR_GOL, ID_JUCATOR, VALIDAT, TIP_GOL, MINUT_GOL)
VALUES(13, 1, 47, 'DA', 'Șut din afara careului', 78);

INSERT INTO GOL(ID_MECI, NUMAR_GOL, ID_JUCATOR, VALIDAT, TIP_GOL, MINUT_GOL)
VALUES(13, 2, 46, 'DA', 'Autogol', 119);

INSERT INTO GOL(ID_MECI, NUMAR_GOL, ID_JUCATOR, VALIDAT, TIP_GOL, MINUT_GOL)
VALUES(15, 1, 40, 'DA', 'Șut din interiorul careului', 12);

INSERT INTO GOL(ID_MECI, NUMAR_GOL, ID_JUCATOR, VALIDAT, TIP_GOL, MINUT_GOL)
VALUES(15, 2, 58, 'NU', 'Șut din afara careului', 76);

INSERT INTO GOL(ID_MECI, NUMAR_GOL, ID_JUCATOR, VALIDAT, TIP_GOL, MINUT_GOL)
VALUES(16, 1, 22, 'DA', 'Lovitură liberă', 75);

INSERT INTO GOL(ID_MECI, NUMAR_GOL, ID_JUCATOR, VALIDAT, TIP_GOL, MINUT_GOL)
VALUES(17, 1, 43, 'DA', 'Șut din afara careului', 45);

INSERT INTO GOL(ID_MECI, NUMAR_GOL, ID_JUCATOR, VALIDAT, TIP_GOL, MINUT_GOL)
VALUES(17, 2, 34, 'DA', 'Șut din interiorul careului', 90);

INSERT INTO GOL(ID_MECI, NUMAR_GOL, ID_JUCATOR, VALIDAT, TIP_GOL, MINUT_GOL)
VALUES(18, 1, 22, 'DA', 'Șut din afara careului', 32);

INSERT INTO GOL(ID_MECI, NUMAR_GOL, ID_JUCATOR, VALIDAT, TIP_GOL, MINUT_GOL)
VALUES(18, 2, 24, 'DA', 'Penalty', 81);

INSERT INTO GOL(ID_MECI, NUMAR_GOL, ID_JUCATOR, VALIDAT, TIP_GOL, MINUT_GOL)
VALUES(19, 1, 61, 'DA', 'Penalty', 91);

INSERT INTO GOL(ID_MECI, NUMAR_GOL, ID_JUCATOR, VALIDAT, TIP_GOL, MINUT_GOL)
VALUES(21, 1, 12, 'DA', 'Penalty', 39);

INSERT INTO GOL(ID_MECI, NUMAR_GOL, ID_JUCATOR, VALIDAT, TIP_GOL, MINUT_GOL)
VALUES(21, 2, 9, 'DA', 'Autogol', 78);

INSERT INTO GOL(ID_MECI, NUMAR_GOL, ID_JUCATOR, VALIDAT, TIP_GOL, MINUT_GOL)
VALUES(22, 1, 5, 'DA', 'Corner', 42);

INSERT INTO GOL(ID_MECI, NUMAR_GOL, ID_JUCATOR, VALIDAT, TIP_GOL, MINUT_GOL)
VALUES(23, 1, 12, 'DA', 'Șut din interiorul careului', 14);

INSERT INTO GOL(ID_MECI, NUMAR_GOL, ID_JUCATOR, VALIDAT, TIP_GOL, MINUT_GOL)
VALUES(23, 2, 12, 'DA', 'Lovitură cu capul', 29);

INSERT INTO GOL(ID_MECI, NUMAR_GOL, ID_JUCATOR, VALIDAT, TIP_GOL, MINUT_GOL)
VALUES(23, 3, 13, 'DA', 'Corner', 50);

INSERT INTO GOL(ID_MECI, NUMAR_GOL, ID_JUCATOR, VALIDAT, TIP_GOL, MINUT_GOL)
VALUES(23, 4, 7, 'DA', 'Lovitură liberă', 68);

INSERT INTO GOL(ID_MECI, NUMAR_GOL, ID_JUCATOR, VALIDAT, TIP_GOL, MINUT_GOL)
VALUES(23, 5, 5, 'NU', 'Șut din interiorul careului', 92);


SELECT *
FROM GOL;


--- Crearea tabelului:

CREATE TABLE ANTRENOR (
    ID_ANTRENOR         NUMBER(2) DEFAULT ANTRENOR_SEQ.NEXTVAL,
    ID_ECHIPA           VARCHAR(3),                 
    PRENUME             VARCHAR(25) NOT NULL,
    NUME                VARCHAR(25) NOT NULL,
    
    CONSTRAINT FK_A_ECHIPA FOREIGN KEY (ID_ECHIPA)
        REFERENCES ECHIPA(ID_ECHIPA),
        
    CONSTRAINT PK_ANTRENOR PRIMARY KEY (ID_ANTRENOR)
);

--- Inserarea datelor:

INSERT INTO ANTRENOR(ID_ECHIPA, PRENUME, NUME)
VALUES ('RMA', 'Zinedine', 'Zidane');

INSERT INTO ANTRENOR(ID_ECHIPA, PRENUME, NUME)
VALUES ('RMA', 'David', 'Bettoni');

INSERT INTO ANTRENOR(ID_ECHIPA, PRENUME, NUME)
VALUES ('ATM', 'Diego', 'Simeone');

INSERT INTO ANTRENOR(ID_ECHIPA, PRENUME, NUME)
VALUES ('BAR', 'Luis', 'Enrique');

INSERT INTO ANTRENOR(ID_ECHIPA, PRENUME, NUME)
VALUES ('BAR', 'Juan Carlos', 'Unzué');

INSERT INTO ANTRENOR(ID_ECHIPA, PRENUME, NUME)
VALUES ('SEV', 'Unai', 'Emery');

INSERT INTO ANTRENOR(ID_ECHIPA, PRENUME, NUME)
VALUES ('JUV', 'Massimiliano', 'Allegri');

INSERT INTO ANTRENOR(ID_ECHIPA, PRENUME, NUME)
VALUES ('ROM', 'Luciano', 'Spalletti');

INSERT INTO ANTRENOR(ID_ECHIPA, PRENUME, NUME)
VALUES ('INT', 'Roberto', 'Mancini');

INSERT INTO ANTRENOR(ID_ECHIPA, PRENUME, NUME)
VALUES ('ACM', 'Siniša', 'Mihajlović');

INSERT INTO ANTRENOR(ID_ECHIPA, PRENUME, NUME)
VALUES ('LIV', 'Jürgen', 'Klopp');

INSERT INTO ANTRENOR(ID_ECHIPA, PRENUME, NUME)
VALUES ('MUN', 'Louis', 'van Gaal');

INSERT INTO ANTRENOR(ID_ECHIPA, PRENUME, NUME)
VALUES ('MCI', 'Manuel', 'Pellegrini');

INSERT INTO ANTRENOR(ID_ECHIPA, PRENUME, NUME)
VALUES ('CHE', 'José', 'Mourinho');

INSERT INTO ANTRENOR(ID_ECHIPA, PRENUME, NUME)
VALUES ('ARS', 'Arsène', 'Wenger');

INSERT INTO ANTRENOR(ID_ECHIPA, PRENUME, NUME)
VALUES ('PSG', 'Laurent', 'Blanc');

INSERT INTO ANTRENOR(ID_ECHIPA, PRENUME, NUME)
VALUES ('LYO', 'Bruno', 'Génésio');

INSERT INTO ANTRENOR(ID_ECHIPA, PRENUME, NUME)
VALUES ('BAY', 'Pep', 'Guardiola');

INSERT INTO ANTRENOR(ID_ECHIPA, PRENUME, NUME)
VALUES ('BAY', 'Domenec', 'Torrent');

INSERT INTO ANTRENOR(ID_ECHIPA, PRENUME, NUME)
VALUES ('LEV', 'Roger', 'Schmidt');

INSERT INTO ANTRENOR(ID_ECHIPA, PRENUME, NUME)
VALUES ('SCH', 'André', 'Breitenreiter');

INSERT INTO ANTRENOR(ID_ECHIPA, PRENUME, NUME)
VALUES ('BEN', 'Rui', 'Vitória');

INSERT INTO ANTRENOR(ID_ECHIPA, PRENUME, NUME)
VALUES ('POR', 'José', 'Peseiro');

INSERT INTO ANTRENOR(ID_ECHIPA, PRENUME, NUME)
VALUES ('BRA', 'Paulo', 'Fonseca');

INSERT INTO ANTRENOR(ID_ECHIPA, PRENUME, NUME)
VALUES ('FCS', 'Laurențiu', 'Reghecampf');

INSERT INTO ANTRENOR(ID_ECHIPA, PRENUME, NUME)
VALUES ('DIN', 'Mircea', 'Rednic');

INSERT INTO ANTRENOR(ID_ECHIPA, PRENUME, NUME)
VALUES ('PSV', 'Phillip', 'Cocu');

INSERT INTO ANTRENOR(ID_ECHIPA, PRENUME, NUME)
VALUES ('AJA', 'Frank', 'de Boer');

INSERT INTO ANTRENOR(ID_ECHIPA, PRENUME, NUME)
VALUES ('FEN', 'Vítor', 'Pereira');

INSERT INTO ANTRENOR(ID_ECHIPA, PRENUME, NUME)
VALUES ('GAL', 'Mustafa', 'Denizli');


SELECT *
FROM ANTRENOR;


--- Crearea tabelului:

CREATE TABLE SPONSOR (
    ID_SPONSOR          NUMBER(2) DEFAULT SPONSOR_SEQ.NEXTVAL,
    NUME                VARCHAR(30) NOT NULL,
    
    CONSTRAINT PK_SPONSOR PRIMARY KEY (ID_SPONSOR)
);

--- Inserarea datelor:

INSERT INTO SPONSOR(NUME)
VALUES ('Fly Emirates');

INSERT INTO SPONSOR(NUME)
VALUES ('Plus500');

INSERT INTO SPONSOR(NUME)
VALUES ('Qatar Airways');

INSERT INTO SPONSOR(NUME)
VALUES ('Beko');

INSERT INTO SPONSOR(NUME)
VALUES ('Reale Seguros');

INSERT INTO SPONSOR(NUME)
VALUES ('Jeep');

INSERT INTO SPONSOR(NUME)
VALUES ('Pirelli');

INSERT INTO SPONSOR(NUME)
VALUES ('Standard Chartered');

INSERT INTO SPONSOR(NUME)
VALUES ('Chevrolet');

INSERT INTO SPONSOR(NUME)
VALUES ('Etihad Airways');

INSERT INTO SPONSOR(NUME)
VALUES ('Yokohama Tyres');

INSERT INTO SPONSOR(NUME)
VALUES ('Hyundai');

INSERT INTO SPONSOR(NUME)
VALUES ('Renault Trucks');

INSERT INTO SPONSOR(NUME)
VALUES ('Deutsche Telekom');

INSERT INTO SPONSOR(NUME)
VALUES ('LG');

INSERT INTO SPONSOR(NUME)
VALUES ('Gazprom');

INSERT INTO SPONSOR(NUME)
VALUES ('MEO');

INSERT INTO SPONSOR(NUME)
VALUES ('AXA');

INSERT INTO SPONSOR(NUME)
VALUES ('City Insurance');

INSERT INTO SPONSOR(NUME)
VALUES ('Orange');

INSERT INTO SPONSOR(NUME)
VALUES ('Philips');

INSERT INTO SPONSOR(NUME)
VALUES ('Volkswagen');

INSERT INTO SPONSOR(NUME)
VALUES ('Ülker');

INSERT INTO SPONSOR(NUME)
VALUES ('UNIBET');

INSERT INTO SPONSOR(NUME)
VALUES ('Samsung');

INSERT INTO SPONSOR(NUME)
VALUES ('Adidas'); 

INSERT INTO SPONSOR(NUME)
VALUES ('Puma'); 

INSERT INTO SPONSOR(NUME)
VALUES ('Nike'); 

INSERT INTO SPONSOR(NUME)
VALUES ('Bwin');


SELECT *
FROM SPONSOR;


--- Crearea tabelului:

CREATE TABLE SPONSORIZARE (
    ID_SPONSOR                NUMBER(2),
    ID_ECHIPA                 VARCHAR(3),
    
    DATA_INCEPUT              NUMBER(4)
        CONSTRAINT CK_SZ_INCEPUT CHECK (DATA_INCEPUT BETWEEN 1950 AND 2030)
        NOT NULL,
        
    DATA_SFARSIT              NUMBER(4)
        CONSTRAINT CK_SZ_SFARSIT CHECK (DATA_SFARSIT BETWEEN 1950 AND 2030)
        NOT NULL,
        
    VALOARE_CONTRACT          NUMBER(10) NOT NULL,
    
    CONSTRAINT FK_SZ_ECHIPA FOREIGN KEY (ID_ECHIPA)
        REFERENCES ECHIPA(ID_ECHIPA)
        ON DELETE CASCADE,
        
    CONSTRAINT FK_SZ_SPONSOR FOREIGN KEY (ID_SPONSOR)
        REFERENCES SPONSOR(ID_SPONSOR)
        ON DELETE CASCADE,
        
    CONSTRAINT CK_SPONSORIZARE_DATE CHECK (DATA_SFARSIT > DATA_INCEPUT),
        
    CONSTRAINT PK_SPONSORIZARE PRIMARY KEY (ID_SPONSOR, ID_ECHIPA)
);


--- Inserarea datelor:

INSERT INTO SPONSORIZARE(ID_SPONSOR, ID_ECHIPA, DATA_INCEPUT, DATA_SFARSIT, VALOARE_CONTRACT)
VALUES (1, 'RMA', 2013, 2025, 70000000);

INSERT INTO SPONSORIZARE(ID_SPONSOR, ID_ECHIPA, DATA_INCEPUT, DATA_SFARSIT, VALOARE_CONTRACT)
VALUES (1, 'PSG', 2006, 2025, 45000000);

INSERT INTO SPONSORIZARE(ID_SPONSOR, ID_ECHIPA, DATA_INCEPUT, DATA_SFARSIT, VALOARE_CONTRACT)
VALUES (1, 'ARS', 2006, 2025, 40000000);

INSERT INTO SPONSORIZARE(ID_SPONSOR, ID_ECHIPA, DATA_INCEPUT, DATA_SFARSIT, VALOARE_CONTRACT)
VALUES (1, 'ACM', 2010, 2025, 18000000);

INSERT INTO SPONSORIZARE(ID_SPONSOR, ID_ECHIPA, DATA_INCEPUT, DATA_SFARSIT, VALOARE_CONTRACT)
VALUES (1, 'BEN', 2015, 2020, 23000000);

INSERT INTO SPONSORIZARE(ID_SPONSOR, ID_ECHIPA, DATA_INCEPUT, DATA_SFARSIT, VALOARE_CONTRACT)
VALUES (2, 'ATM', 2015, 2022, 33500000);

INSERT INTO SPONSORIZARE(ID_SPONSOR, ID_ECHIPA, DATA_INCEPUT, DATA_SFARSIT, VALOARE_CONTRACT)
VALUES (3, 'BAR', 2013, 2017, 33500000);

INSERT INTO SPONSORIZARE(ID_SPONSOR, ID_ECHIPA, DATA_INCEPUT, DATA_SFARSIT, VALOARE_CONTRACT)
VALUES (5, 'SEV', 2015, 2018, 13000000);

INSERT INTO SPONSORIZARE(ID_SPONSOR, ID_ECHIPA, DATA_INCEPUT, DATA_SFARSIT, VALOARE_CONTRACT)
VALUES (6, 'JUV', 2012, 2024, 25000000);

INSERT INTO SPONSORIZARE(ID_SPONSOR, ID_ECHIPA, DATA_INCEPUT, DATA_SFARSIT, VALOARE_CONTRACT)
VALUES (7, 'INT', 1995, 2021, 34000000);

INSERT INTO SPONSORIZARE(ID_SPONSOR, ID_ECHIPA, DATA_INCEPUT, DATA_SFARSIT, VALOARE_CONTRACT)
VALUES (8, 'LIV', 2010, 2025, 45000000);

INSERT INTO SPONSORIZARE(ID_SPONSOR, ID_ECHIPA, DATA_INCEPUT, DATA_SFARSIT, VALOARE_CONTRACT)
VALUES (9, 'MUN', 2014, 2021, 57550000);

INSERT INTO SPONSORIZARE(ID_SPONSOR, ID_ECHIPA, DATA_INCEPUT, DATA_SFARSIT, VALOARE_CONTRACT)
VALUES (10, 'MCI', 2009, 2025, 55000000);

INSERT INTO SPONSORIZARE(ID_SPONSOR, ID_ECHIPA, DATA_INCEPUT, DATA_SFARSIT, VALOARE_CONTRACT)
VALUES (11, 'CHE', 2015, 2020, 37000000);

INSERT INTO SPONSORIZARE(ID_SPONSOR, ID_ECHIPA, DATA_INCEPUT, DATA_SFARSIT, VALOARE_CONTRACT)
VALUES (12, 'LYO', 2012, 2016, 28560000);

INSERT INTO SPONSORIZARE(ID_SPONSOR, ID_ECHIPA, DATA_INCEPUT, DATA_SFARSIT, VALOARE_CONTRACT)
VALUES (13, 'LYO', 2010, 2025, 20000000);

INSERT INTO SPONSORIZARE(ID_SPONSOR, ID_ECHIPA, DATA_INCEPUT, DATA_SFARSIT, VALOARE_CONTRACT)
VALUES (14, 'BAY', 2002, 2025, 67000000);

INSERT INTO SPONSORIZARE(ID_SPONSOR, ID_ECHIPA, DATA_INCEPUT, DATA_SFARSIT, VALOARE_CONTRACT)
VALUES (15, 'LEV', 2015, 2025, 19000000);

INSERT INTO SPONSORIZARE(ID_SPONSOR, ID_ECHIPA, DATA_INCEPUT, DATA_SFARSIT, VALOARE_CONTRACT)
VALUES (15, 'GAL', 2013, 2016, 10000000);

INSERT INTO SPONSORIZARE(ID_SPONSOR, ID_ECHIPA, DATA_INCEPUT, DATA_SFARSIT, VALOARE_CONTRACT)
VALUES (16, 'SCH', 2007, 2022, 13450000);

INSERT INTO SPONSORIZARE(ID_SPONSOR, ID_ECHIPA, DATA_INCEPUT, DATA_SFARSIT, VALOARE_CONTRACT)
VALUES (17, 'POR', 2015, 2018, 17850000);

INSERT INTO SPONSORIZARE(ID_SPONSOR, ID_ECHIPA, DATA_INCEPUT, DATA_SFARSIT, VALOARE_CONTRACT)
VALUES (19, 'FCS', 2014, 2021, 7000000);

INSERT INTO SPONSORIZARE(ID_SPONSOR, ID_ECHIPA, DATA_INCEPUT, DATA_SFARSIT, VALOARE_CONTRACT)
VALUES (26, 'AJA', 2011, 2018, 3500000);

INSERT INTO SPONSORIZARE(ID_SPONSOR, ID_ECHIPA, DATA_INCEPUT, DATA_SFARSIT, VALOARE_CONTRACT)
VALUES (26, 'JUV', 2013, 2019, 23250000);

INSERT INTO SPONSORIZARE(ID_SPONSOR, ID_ECHIPA, DATA_INCEPUT, DATA_SFARSIT, VALOARE_CONTRACT)
VALUES (26, 'RMA', 2015, 2020, 166000000);

INSERT INTO SPONSORIZARE(ID_SPONSOR, ID_ECHIPA, DATA_INCEPUT, DATA_SFARSIT, VALOARE_CONTRACT)
VALUES (26, 'FEN', 2004, 2021, 13500000);

INSERT INTO SPONSORIZARE(ID_SPONSOR, ID_ECHIPA, DATA_INCEPUT, DATA_SFARSIT, VALOARE_CONTRACT)
VALUES (27, 'ARS', 2014, 2018, 65000000);

INSERT INTO SPONSORIZARE(ID_SPONSOR, ID_ECHIPA, DATA_INCEPUT, DATA_SFARSIT, VALOARE_CONTRACT)
VALUES (28, 'GAL', 2011, 2017, 12250000);

INSERT INTO SPONSORIZARE(ID_SPONSOR, ID_ECHIPA, DATA_INCEPUT, DATA_SFARSIT, VALOARE_CONTRACT)
VALUES (28, 'ROM', 2014, 2021, 3000000);


SELECT *
FROM SPONSORIZARE;


CREATE INDEX idx_nationala_tara ON NATIONALA(ID_TARA);
CREATE INDEX idx_euro_comp ON COMPETITIE_EURO_CLUB(NUME_COMPETITIE);

CREATE INDEX idx_echipa_campionat ON ECHIPA(ID_CAMPIONAT);
CREATE INDEX idx_echipa_competitie ON ECHIPA(ID_COMPETITIE);

CREATE INDEX idx_jucator_nume ON JUCATOR(NUME);
CREATE INDEX idx_jucator_prenume ON JUCATOR(PRENUME);
CREATE INDEX idx_jucator_echipa ON JUCATOR(ID_ECHIPA);
CREATE INDEX idx_jucator_nationalitate ON JUCATOR(NATIONALITATE);
CREATE INDEX idx_jucator_nationala ON JUCATOR(ID_NATIONALA);
CREATE INDEX idx_jucator_data ON JUCATOR(DATA_NASTERII);
CREATE INDEX idx_jucator_poz ON JUCATOR(POZITIE);

CREATE INDEX idx_meci_data ON MECI(DATA_MECI);
CREATE INDEX idx_meci_stadion ON MECI(ID_STADION);

CREATE INDEX idx_gol_jucator ON GOL(ID_JUCATOR);
CREATE INDEX idx_antrenor_echipa ON ANTRENOR(ID_ECHIPA);
CREATE INDEX idx_st_capacitate ON STADION(CAPACITATE);

CREATE INDEX idx_sz_valoare ON SPONSORIZARE(VALOARE_CONTRACT);
CREATE INDEX idx_sz_inceput ON SPONSORIZARE(DATA_INCEPUT);
CREATE INDEX idx_sz_sfarsit ON SPONSORIZARE(DATA_SFARSIT);
